Regency_City,Province,Longitude,Latitude,Elevation,Slope,Aspect,HillShade,Rainfall,LandCover,NDVI,NDWI,NDVI_Change,LST,PopulationDensity,SoilMoisture,Prediction,GroundTruth
Bogor,Jawa Barat,106.86490798844672,-6.515916003345176,159,2.0838074684143066,296.41680908203125,186,4368.204618692398,50,0.1412682980298996,-0.10824039578437805,-0.14265261590480804,307.8833333333333,2169.93359375,24.40625762939453,,
Bogor,Jawa Barat,106.92817648874853,-6.76721093871382,1973,33.50300598144531,211.14076232910156,232,4408.914300560951,10,0.019762510433793068,-0.03282078728079796,0.001708589494228363,294.085,1515.770751953125,25.047874450683594,,
Bogor,Jawa Barat,106.45256588026201,-6.3600835019855655,66,11.199714660644531,144.8416290283203,160,3632.70702958107,10,0.21017931401729584,-0.1865159124135971,-0.15729056298732758,301.7547368421053,2169.93359375,23.284212112426758,,
Bogor,Jawa Barat,106.46947424816881,-6.463268716834634,113,6.2054009437561035,153.28854370117188,172,4313.905397891998,10,0.19332751631736755,-0.16017962992191315,-0.3761894404888153,302.3432,2169.933837890625,23.742650985717773,,
Bogor,Jawa Barat,106.80544688719205,-6.696409034204298,475,2.0844168663024902,243.5915069580078,186,5203.147094845772,10,0.2064163088798523,-0.16511359810829163,-0.2140837013721466,301.6663157894737,2169.93359375,24.85558319091797,,
Bogor,Jawa Barat,106.76285141318156,-6.63684952234557,410,5.5847368240356445,90.0,163,5824.3705224990845,10,0.1880100965499878,-0.14516398310661316,-0.14641153812408447,303.12470588235294,2169.93359375,24.522785186767578,,
Bogor,Jawa Barat,106.65881554510074,-6.595630001676336,280,9.068305969238281,335.89599609375,192,5145.198772192001,10,0.15489649772644043,-0.13444702327251434,-0.10022026300430298,302.98,2169.933349609375,24.598072052001953,,
Bogor,Jawa Barat,106.73503452592958,-6.631919612755768,391,5.941873073577881,128.47230529785156,166,5427.478839993477,10,0.1923828274011612,-0.14756499230861664,-0.18966905772686005,302.2741176470588,2169.93359375,24.598072052001953,,
Bogor,Jawa Barat,106.7965942016367,-6.716069144202283,539,3.9423952102661133,45.197261810302734,172,5224.574828028679,10,0.18292756378650665,-0.15734125673770905,-0.16731099784374237,301.77238095238096,2169.93359375,24.85558319091797,,
Bogor,Jawa Barat,106.83859066372844,-6.508371231935516,149,4.638148307800293,322.9521179199219,189,4388.438896775246,50,0.04897477105259895,-0.04116348922252655,0.0015576072037220001,307.6533333333333,2169.933349609375,24.40625762939453,,
Bogor,Jawa Barat,106.86946841618634,-6.560964348965473,190,1.3157693147659302,225.188232421875,183,4556.907326459885,10,0.1911022663116455,-0.17556564509868622,-0.18964660167694092,304.98133333333334,2169.933837890625,24.40625762939453,,
Bogor,Jawa Barat,106.78320410945791,-6.681738263198667,620,5.9334211349487305,38.85044479370117,169,5889.075563192368,10,0.15287502110004425,-0.1337856948375702,-0.08550737798213959,300.3615384615385,2169.93359375,24.85558319091797,,
Bogor,Jawa Barat,106.60580039991041,-6.551542446943071,240,12.776390075683594,69.08795166015625,143,5065.836216688156,10,0.2122863084077835,-0.17851749062538147,-0.12141023576259613,301.0832,2169.93359375,24.285863876342773,,
Bogor,Jawa Barat,106.82920752187678,-6.466662958658495,118,2.798063039779663,90.0,172,4371.571661949158,10,0.12270854413509369,-0.11039090901613235,-0.10266026854515076,307.13866666666667,2169.93359375,24.146255493164062,,
Bogor,Jawa Barat,106.4617923531445,-6.347114645350105,62,9.104387283325195,246.16798400878906,206,3510.3647340536118,30,0.1471410095691681,-0.12561452388763428,-0.1661321520805359,303.0075,2169.933837890625,23.158239364624023,,
Bogor,Jawa Barat,106.76164744630246,-6.524335986967267,158,3.355381965637207,303.5184631347656,189,5124.675341665745,50,0.07824317365884781,-0.06307928264141083,-0.0574684664607048,306.16470588235296,2169.93359375,24.40625762939453,,
Bogor,Jawa Barat,106.62675006389554,-6.678691251663365,538,9.977749824523926,303.51025390625,206,5168.976742267609,10,0.22860175371170044,-0.19184814393520355,-0.12934479117393494,299.50083333333333,2169.93359375,25.115137100219727,,
Bogor,Jawa Barat,106.7371188141261,-6.571249524911705,193,5.401585578918457,328.8693542480469,189,5483.161243081093,50,0.08900042623281479,-0.08651546388864517,-0.061128683388233185,306.3846153846154,2169.933349609375,24.522785186767578,,
Bogor,Jawa Barat,106.47569104089791,-6.428969442198135,67,2.9322826862335205,341.4563293457031,183,4006.162138938904,10,0.20153987407684326,-0.17004859447479248,-0.27758538722991943,302.1225,2169.93359375,23.742650985717773,,
Bogor,Jawa Barat,106.44471492675737,-6.421770939433703,41,4.6378607749938965,142.95684814453125,172,4016.7433154582977,10,0.22065597772598267,-0.17342518270015717,-0.13248303532600403,301.16583333333335,432.7481384277344,24.011669158935547,,
Bogor,Jawa Barat,106.68071823929763,-6.50234252888918,127,2.629998207092285,314.81512451171875,186,5034.142324209213,10,0.1579955816268921,-0.14084453880786896,-0.15274813771247864,302.766,2169.933349609375,24.285863876342773,,
Bogor,Jawa Barat,106.8006763590494,-6.703405977935948,482,1.3159607648849487,134.80348205566406,177,4610.852992415428,10,0.20617225766181946,-0.1544271856546402,-0.16056808829307556,302.00952380952384,2169.933349609375,24.85558319091797,,
Bogor,Jawa Barat,106.93612250829752,-6.55674726354408,251,1.866533875465393,90.0,174,4307.002587556839,50,0.13177213072776794,-0.11581739038228989,-0.1289309561252594,302.4642105263158,2169.93359375,24.449819564819336,,
Bogor,Jawa Barat,106.59052214387127,-6.649212500735553,726,13.13082218170166,257.9842224121094,220,5135.607488870621,10,0.17473764717578888,-0.13519848883152008,0.001798585057258606,299.17157894736846,2169.93359375,24.681560516357422,,
Bogor,Jawa Barat,107.025667538517,-6.646633287186479,1003,17.319591522216797,28.057353973388672,155,4463.908442854881,10,0.073768250644207,-0.06779620051383972,-0.053907282650470734,298.44823529411764,2169.93359375,24.707237243652344,,
Bogor,Jawa Barat,106.94310164369696,-6.49546976959213,183,2.0837390422821045,63.582244873046875,174,3902.867429435253,10,0.25382909178733826,-0.19750219583511353,-0.16573888063430786,302.3272727272727,2169.93359375,24.449819564819336,,
Bogor,Jawa Barat,107.11208956225026,-6.518339877694111,122,0.9274099469184875,-0.0,180,3559.7336431741714,40,0.11892307549715042,-0.09483145922422409,-0.10555291920900345,303.2539130434783,2169.93359375,24.334423065185547,,
Bogor,Jawa Barat,107.18327414908327,-6.61035572739331,362,26.512351989746094,13.218851089477539,162,4167.567222476006,10,0.2381606549024582,-0.19283895194530487,-0.2249862402677536,300.72076923076924,2169.93359375,24.568544387817383,,
Bogor,Jawa Barat,106.72547504946601,-6.483562969203063,125,2.08370041847229,243.5817108154297,186,5285.347621798515,10,0.14782564342021942,-0.11577845364809036,-0.18196509778499603,305.99066666666664,2169.933837890625,24.285863876342773,,
Bogor,Jawa Barat,106.94923938617649,-6.587313263498459,451,16.013492584228516,16.492557525634766,166,4307.002587556839,10,0.1401534378528595,-0.12631313502788544,-0.1231745183467865,300.595,2169.933837890625,24.993913650512695,,
Bogor,Jawa Barat,106.9212206247319,-6.4622593456891755,74,1.8661830425262451,270.0,186,3902.867429435253,40,0.09594177454710007,-0.07603415846824646,-0.08600880950689316,305.785,2169.933837890625,23.971342086791992,,
Bogor,Jawa Barat,107.06891712155637,-6.570395118922285,442,11.069945335388184,131.44613647460938,154,4068.0464820861816,10,0.24247847497463226,-0.19293241202831268,-0.017512544989585876,301.06222222222226,2169.93359375,24.707237243652344,,
Bogor,Jawa Barat,106.98979995743079,-6.443202620362501,77,4.747308731079102,78.75968170166016,166,3336.3241298794746,50,0.11089751124382019,-0.08491809666156769,-0.09181500971317291,306.08,2169.933837890625,23.971342086791992,,
Bogor,Jawa Barat,106.44531265390088,-6.439580159490321,54,2.083554744720459,63.5797233581543,174,4016.7433154582977,40,0.14863748848438263,-0.12854430079460144,-0.07536453008651733,301.30333333333334,456.5289611816406,24.011669158935547,,
Bogor,Jawa Barat,106.58089105164514,-6.4504541503035,150,6.6710615158081055,146.1417999267578,169,4871.40446293354,10,0.14301693439483643,-0.13138560950756073,-0.24009737372398376,300.5325,2169.93359375,23.742650985717773,,
Bogor,Jawa Barat,106.47894211112767,-6.61646605423835,774,2.075812578201294,206.718505859375,183,5171.911107778549,10,0.15263210237026215,-0.12549397349357605,-0.10033248364925385,298.8621052631579,2169.93359375,24.681560516357422,,
Bogor,Jawa Barat,107.11061423190004,-6.479675783244145,46,0.9274099469184875,-0.0,180,3624.5573242902756,40,0.12764933705329895,-0.10620400309562683,-0.05113282799720764,303.57428571428574,2169.93359375,24.334423065185547,,
Bogor,Jawa Barat,106.46484151359161,-6.590676473160899,650,12.31657886505127,243.58660888671875,215,4954.823896884918,10,0.1475536972284317,-0.11969802528619766,-0.11552514135837555,299.2847619047619,2169.93359375,24.681560516357422,,
Bogor,Jawa Barat,106.98376552744922,-6.7112925661589005,1356,23.337581634521484,79.18729400634766,110,4388.019289255142,10,0.06593187898397446,-0.07249610126018524,-0.04769349843263626,296.24615384615385,1400.1082763671875,24.855131149291992,,
Bogor,Jawa Barat,107.00438135036231,-6.46285029228987,78,3.704791784286499,-0.0,180,3944.766277730465,10,0.11115831881761551,-0.08695390820503235,-0.12442294508218765,303.8566666666667,2169.93359375,23.971342086791992,,
Bogor,Jawa Barat,106.51484378127562,-6.396969742679727,57,5.8783416748046875,251.67213439941406,198,3668.1886801719666,10,0.17624005675315857,-0.1406312882900238,-0.25743567943573,302.18,2169.93359375,23.742650985717773,,
Bogor,Jawa Barat,106.94745565133904,-6.6402988865342065,1268,27.92380142211914,220.22030639648438,235,4462.325247049332,10,0.04852083697915077,-0.0615682490170002,-0.04394346848130226,295.37142857142857,2169.93359375,24.993913650512695,,
Bogor,Jawa Barat,106.55247707555773,-6.381936547644845,63,6.5694899559021,81.91960906982422,160,3650.0932648181915,10,0.14620627462863922,-0.1324756145477295,-0.15939097106456757,303.7233333333333,2169.93359375,23.742650985717773,,
Bogor,Jawa Barat,106.84093776865606,-6.768715660047,609,16.23570442199707,243.59490966796875,225,4253.270837545395,10,0.20695295929908752,-0.16291333734989166,-0.13523074984550476,300.531,1158.3756103515625,24.61726951599121,,
Bogor,Jawa Barat,107.07116871431981,-6.634749550195829,885,40.95148849487305,8.640623092651367,163,4378.963024735451,10,0.14336875081062317,-0.1332627683877945,-0.01785467565059662,298.77882352941174,2169.933837890625,24.707237243652344,,
Bogor,Jawa Barat,106.77105065081098,-6.610754234446593,258,2.948054075241089,71.67941284179688,172,5824.3705224990845,10,0.15503758192062378,-0.12119364738464355,-0.09292273223400116,306.2675,2587.721435546875,24.522785186767578,,
Bogor,Jawa Barat,106.65923135454942,-6.432455453287154,62,13.063298225402832,24.91309928894043,163,4132.018556594849,10,0.23872622847557068,-0.20270363986492157,-0.23430538177490234,302.317,2169.93359375,23.93191146850586,,
Bogor,Jawa Barat,107.05856538953735,-6.5978784674552236,565,25.373403549194336,120.79605865478516,114,4068.0464820861816,10,0.17355427145957947,-0.13911394774913788,-0.21204164624214172,299.45157894736843,2169.93359375,24.707237243652344,,
Bogor,Jawa Barat,106.674212685111,-6.534149045208745,142,14.23617935180664,333.2853088378906,200,5034.142324209213,10,0.1679508239030838,-0.14328141510486603,-0.18130074441432953,303.30444444444447,2169.933349609375,24.285863876342773,,
Bogor,Jawa Barat,106.59385182501327,-6.7426570432371795,979,7.606426239013672,14.130101203918457,174,5028.295106768608,10,0.12380150705575943,-0.11494357138872147,-0.11043272167444229,296.61157894736846,1494.44091796875,25.109359741210938,,
Bogor,Jawa Barat,106.44480831368446,-6.655646997955442,1123,45.87791061401367,111.16655731201172,60,5155.39243721962,10,0.08917093276977539,-0.0888262614607811,-0.024612896144390106,296.7966666666667,2169.933349609375,24.8308048248291,,
Bogor,Jawa Barat,107.10313459471121,-6.651633315408789,626,20.421241760253906,180.0,180,4048.156544327736,10,0.20632393658161163,-0.16914720833301544,-0.007334813475608826,299.65263157894736,2169.933349609375,24.707237243652344,,
Bogor,Jawa Barat,106.44824030865203,-6.595123143954752,631,11.226238250732422,235.18649291992188,209,4803.4846959114075,50,0.13159748911857605,-0.11570492386817932,-0.1240726113319397,300.0885714285714,2169.933349609375,24.8308048248291,,
Bogor,Jawa Barat,106.5909316932987,-6.696310215187851,879,1.3159513473510742,45.196102142333984,177,5200.701335668564,10,0.09737186133861542,-0.09170740097761154,-0.061372220516204834,297.5444444444445,2169.93359375,25.109359741210938,,
Bogor,Jawa Barat,107.02265045312363,-6.475574443447477,89,2.798112154006958,270.0,189,3944.766277730465,10,0.18790848553180695,-0.15001200139522552,-0.1080491691827774,302.867,2169.93359375,24.334423065185547,,
Bogor,Jawa Barat,106.95254413781596,-6.581628167086556,432,5.401615142822266,328.86883544921875,189,4091.938931822777,30,0.18298524618148804,-0.14350248873233795,-0.09965234994888306,300.87904761904764,2169.933837890625,24.993913650512695,,
Bogor,Jawa Barat,106.48991968252835,-6.697482856300788,1410,13.91165828704834,11.385622024536133,172,5483.020933628082,10,0.04936505854129791,-0.05876171961426735,-0.01087116077542305,294.8475,2169.93359375,25.109359741210938,,
Bogor,Jawa Barat,106.48779394156362,-6.7465015248063525,1432,24.14187240600586,226.66757202148438,234,5290.105481147766,10,0.05492802709341049,-0.05459754914045334,-0.1180538460612297,294.0183333333333,646.3877563476562,25.109359741210938,,
Bogor,Jawa Barat,106.76075485016946,-6.517600411973198,148,0.9274099469184875,180.0,180,5124.675341665745,10,0.13668566942214966,-0.10284530371427536,-0.21116599440574646,306.16470588235296,2169.93359375,24.40625762939453,,
Bogor,Jawa Barat,107.03791411946814,-6.496288930187962,226,14.235969543457031,26.71295738220215,160,3944.766277730465,10,0.2215728759765625,-0.17775534093379974,-0.3407742977142334,302.64,2169.933837890625,24.334423065185547,,
Bogor,Jawa Barat,107.21077792651332,-6.617721107652786,506,41.408138275146484,281.6491394042969,255,4293.915336608887,10,0.2159387171268463,-0.18673434853553772,-0.2824101746082306,299.4568,1420.762939453125,24.568544387817383,,
Bogor,Jawa Barat,106.93482887510477,-6.57200671567762,408,9.6497802734375,73.40443420410156,151,4307.002587556839,30,0.16278696060180664,-0.1435815989971161,-0.24360784888267517,299.5768,2169.933349609375,24.993913650512695,,
Bogor,Jawa Barat,106.62631975157082,-6.5483823723470875,174,7.035207748413086,203.33468627929688,189,4875.822245955467,10,0.1942770630121231,-0.1578798145055771,-0.2677352577447891,301.0488,2169.93359375,24.285863876342773,,
Bogor,Jawa Barat,107.16300002370312,-6.635407964472952,342,19.772050857543945,352.18310546875,189,4167.567222476006,10,0.270818829536438,-0.20129255950450897,-0.21245405077934265,301.0495652173913,2169.933837890625,24.568544387817383,,
Bogor,Jawa Barat,107.00894732455829,-6.604534333833199,664,15.70889663696289,99.9428939819336,132,4463.908442854881,10,0.20109061896800995,-0.16563142836093903,-0.015950262546539307,299.51733333333334,2169.933349609375,24.993913650512695,,
Bogor,Jawa Barat,106.50876342989855,-6.551811605682726,286,13.924820899963379,66.93702697753906,140,4717.900579929352,10,0.21213757991790771,-0.17794246971607208,-0.2293280065059662,300.5104761904762,2169.93359375,24.376371383666992,,
Bogor,Jawa Barat,107.00202329031765,-6.631783683244054,972,8.340072631835938,6.382547855377197,177,4463.908442854881,10,0.08004473149776459,-0.08234724402427673,-0.02326599508523941,298.67375,2169.93359375,24.993913650512695,,
Bogor,Jawa Barat,106.59592086996415,-6.427580705716186,73,5.417130470275879,239.1953887939453,195,4183.812367558479,10,0.20508992671966553,-0.15839719772338867,-0.26242515444755554,302.962,2169.93359375,23.93191146850586,,
Bogor,Jawa Barat,106.91262292231482,-6.6282040063897565,747,17.87734603881836,49.27570343017578,138,4462.325247049332,10,0.11941021680831909,-0.08854159712791443,-0.00799696147441864,300.21875,2169.93359375,24.993913650512695,,
Bogor,Jawa Barat,106.76076670936936,-6.486444227622953,138,2.629956007003784,134.81602478027344,174,4833.8788821697235,60,0.17219622433185577,-0.1469852477312088,-0.10656042397022247,305.3355555555556,2169.93359375,24.40625762939453,,
Bogor,Jawa Barat,106.94562571082484,-6.648446458230127,997,20.079233169555664,237.8986358642578,233,4462.325247049332,10,0.08064854145050049,-0.0795477107167244,-0.09159798920154572,296.26933333333335,2169.93359375,24.993913650512695,,
Bogor,Jawa Barat,106.64170871131381,-6.669653718890832,528,3.8200106620788574,14.128067970275879,177,5168.976742267609,60,0.1292683482170105,-0.10877170413732529,-0.0807335376739502,299.89619047619044,2169.933837890625,25.115137100219727,,
Bogor,Jawa Barat,106.47594122515669,-6.689606783716466,1531,16.9365234375,25.352256774902344,158,5483.020933628082,10,0.04527103528380394,-0.054701320827007294,-0.01339680701494217,295.0323076923077,2169.93359375,25.109359741210938,,
Bogor,Jawa Barat,106.92396130235423,-6.728323699740807,1089,30.743545532226562,260.6016845703125,255,4639.923124194145,10,0.050781771540641785,-0.054050348699092865,-0.013017214834690094,296.9371428571429,2169.933837890625,24.855131149291992,,
Bogor,Jawa Barat,106.53226846336736,-6.429071305302972,83,3.81990122795105,194.1215362548828,183,4176.140424489975,10,0.19494804739952087,-0.1516598016023636,-0.2329404056072235,301.684,2169.93359375,23.742650985717773,,
Bogor,Jawa Barat,106.86429571533725,-6.621134768298887,338,7.035367965698242,336.6622619628906,189,4717.3144735097885,10,0.19854234158992767,-0.15909689664840698,-0.13023413717746735,302.704,2169.93359375,24.522785186767578,,
Bogor,Jawa Barat,106.61446373086078,-6.460919224930527,353,24.489364624023438,304.653564453125,242,4696.554250836372,10,0.18341584503650665,-0.1400463879108429,-0.1966189295053482,301.39444444444445,2169.93359375,23.93191146850586,,
Bogor,Jawa Barat,106.98134447719995,-6.672810931105924,1435,18.91373062133789,267.2921447753906,239,4281.540199041367,30,0.08756864815950394,-0.07752767950296402,-0.07734290510416031,295.93875,2169.93359375,24.855131149291992,,
Bogor,Jawa Barat,106.70124275301099,-6.7258437280225065,1325,26.424545288085938,340.85211181640625,207,5461.778191566467,10,0.042617615312337875,-0.0519784539937973,0.005103830248117447,295.238,1901.1239013671875,25.115137100219727,,
Bogor,Jawa Barat,106.95848954547593,-6.592148395084965,568,22.97657585144043,272.18804931640625,251,4091.938931822777,10,0.1313546746969223,-0.10473985224962234,-0.048714980483055115,299.2811111111111,2169.93359375,24.993913650512695,,
Bogor,Jawa Barat,106.48542761079696,-6.735694047222341,1633,33.171409606933594,209.9161376953125,230,5290.105481147766,10,0.06457705795764923,-0.06240355223417282,-0.006472080945968628,293.6872727272727,1690.6357421875,25.109359741210938,,
Bogor,Jawa Barat,106.54358095669438,-6.667271597077809,581,29.170351028442383,25.9737491607666,142,5337.203585863113,10,0.15349972248077393,-0.12394604086875916,-0.14158225059509277,298.24571428571426,2169.93359375,25.109359741210938,,
Bogor,Jawa Barat,106.57528953119974,-6.423566520072123,127,6.550412178039551,314.819580078125,195,4183.812367558479,10,0.09442092478275299,-0.056743185967206955,-0.12334896624088287,301.1952,2169.93359375,23.742650985717773,,
Bogor,Jawa Barat,107.12492396292733,-6.578273574918324,123,9.133995056152344,314.8107604980469,201,3692.3970265984535,40,0.18243485689163208,-0.15354931354522705,-0.09151849150657654,302.0475,2169.933837890625,24.707237243652344,,
Bogor,Jawa Barat,107.19743987461351,-6.639639784870842,498,13.268957138061523,343.95245361328125,192,4167.567222476006,10,0.21631215512752533,-0.17901715636253357,-0.2665843218564987,300.17703703703705,1718.9681396484375,24.568544387817383,,
Bogor,Jawa Barat,107.10954770406506,-6.553901229196961,226,17.399768829345703,98.91493225097656,127,3692.3970265984535,10,0.3208554983139038,-0.2601514160633087,-0.11837783455848694,301.97636363636366,2169.93359375,24.334423065185547,,
Bogor,Jawa Barat,106.56207499971447,-6.714714003207914,1108,12.09847354888916,98.68708801269531,143,5028.295106768608,10,0.11018294095993042,-0.1018039882183075,0.040997184813022614,296.641,2169.933837890625,25.109359741210938,,
Bogor,Jawa Barat,106.71538402353976,-6.640468894226533,469,5.941934108734131,308.4718322753906,195,5427.478839993477,10,0.18640190362930298,-0.1478247046470642,-0.15157678723335266,301.76099999999997,2169.933837890625,24.598072052001953,,
Bogor,Jawa Barat,106.45014230725369,-6.704597164185531,1805,12.331646919250488,311.7917785644531,209,5290.105481147766,10,0.045002952218055725,-0.0514766164124012,0.008597761392593384,293.302,2169.933349609375,25.04014015197754,,
Bogor,Jawa Barat,106.4549591621031,-6.677851274772536,1361,13.3432035446167,74.15733337402344,140,5483.020933628082,10,0.08085107058286667,-0.0735592171549797,0.008210793137550354,295.33882352941174,2169.93359375,25.109359741210938,,
Bogor,Jawa Barat,106.62544627755436,-6.565426321302759,202,2.0757696628570557,333.2838439941406,183,5065.836216688156,10,0.1905626505613327,-0.15327221155166626,-0.14632020890712738,302.35360000000003,2169.933837890625,24.598072052001953,,
Bogor,Jawa Barat,106.72788676278807,-6.538807864855515,157,13.540541648864746,160.22744750976562,166,5703.288542628288,10,0.18118365108966827,-0.14084303379058838,-0.12936465442180634,304.40117647058827,2169.93359375,24.285863876342773,,
Bogor,Jawa Barat,106.9513520560045,-6.393791714079586,51,4.16131591796875,63.57768249511719,169,3003.4475454092026,10,0.09298751503229141,-0.08913545310497284,-0.07985731214284897,307.4866666666667,2169.933349609375,23.971342086791992,,
Bogor,Jawa Barat,107.13771847545611,-6.509860148728571,74,14.38570785522461,145.13119506835938,155,3559.7336431741714,10,0.27496856451034546,-0.23750260472297668,-0.26165491342544556,303.54434782608695,2169.93359375,24.334423065185547,,
Bogor,Jawa Barat,107.08541726957928,-6.4689831547339,88,1.315648078918457,225.1829833984375,183,3705.601014614105,40,0.10515665262937546,-0.08945317566394806,-0.10958852618932724,303.8,2169.93359375,24.334423065185547,,
Bogor,Jawa Barat,106.48980172128532,-6.5928143932037715,594,14.243979454040527,50.38127136230469,146,4954.823896884918,10,0.14865508675575256,-0.13664308190345764,-0.09764327108860016,299.872,2169.933349609375,24.681560516357422,,
Bogor,Jawa Barat,107.10668425603798,-6.607059801456585,235,7.067413806915283,66.93932342529297,160,3892.5603647232056,10,0.25687718391418457,-0.2037757784128189,-0.1732621192932129,302.2072727272727,2169.93359375,24.707237243652344,,
Bogor,Jawa Barat,107.11100515772958,-6.516046237324854,117,0.9334388971328735,270.0,183,3559.7336431741714,40,0.1230807974934578,-0.09830159693956375,-0.1040797010064125,303.03565217391304,2169.933349609375,24.334423065185547,,
Bogor,Jawa Barat,106.99260932610184,-6.4588675230147,75,1.8543341159820557,-0.0,180,3874.8406867980957,40,0.12002750486135483,-0.09443656355142593,-0.17832127958536148,303.7858823529412,2169.933837890625,23.971342086791992,,
Bogor,Jawa Barat,106.55887472387941,-6.6259504897045245,651,28.43379783630371,285.60882568359375,255,5135.607488870621,10,0.14298507571220398,-0.11365616321563721,-0.09136718511581421,299.55333333333334,2169.93359375,24.681560516357422,,
Bogor,Jawa Barat,106.43560868572229,-6.689956560732066,1351,13.053047180175781,12.175209045410156,172,5155.39243721962,10,0.07412999868392944,-0.07241790741682053,-5.572214722633362E-4,294.6928571428571,2169.93359375,25.04014015197754,,
Bogor,Jawa Barat,106.67868331651889,-6.512461597391347,93,13.605931282043457,109.5366439819336,140,5034.142324209213,10,0.20694565773010254,-0.17674459517002106,-0.261890172958374,302.4247619047619,2169.933349609375,24.285863876342773,,
Bogor,Jawa Barat,106.7643855704281,-6.601024080910412,233,0.0,-0.0,180,5824.3705224990845,50,0.06915745139122009,-0.062385641038417816,-0.03794092684984207,307.1093333333333,2169.933349609375,24.522785186767578,,
Bogor,Jawa Barat,106.74840763188836,-6.5329192315279885,165,1.3157321214675903,134.81338500976562,177,5703.288542628288,50,0.09206154197454453,-0.08228342980146408,-0.03618232160806656,305.16,2169.93359375,24.40625762939453,,
Bogor,Jawa Barat,107.13642639822751,-6.62241043596744,177,7.234004497528076,50.3829460144043,163,3892.5603647232056,10,0.29311615228652954,-0.23316249251365662,-0.19996598362922668,302.432,2169.93359375,24.707237243652344,,
Bogor,Jawa Barat,106.73898941742456,-6.6928529351443675,1509,42.63235855102539,125.469970703125,81,5708.007169246674,10,0.032654404640197754,-0.043461039662361145,-0.004316728562116623,293.755,2169.93359375,24.85558319091797,,
Bogor,Jawa Barat,106.84931186900995,-6.716993092873131,503,7.234825611114502,230.3883819580078,198,4610.852992415428,10,0.1652648001909256,-0.13701890408992767,-0.09356848895549774,302.21444444444444,2169.93359375,24.85558319091797,,
Bogor,Jawa Barat,106.49933183044598,-6.71210688242736,1484,11.89579963684082,157.23989868164062,166,5290.105481147766,10,0.05840105190873146,-0.061246853321790695,-0.023274343460798264,294.07599999999996,2169.93359375,25.109359741210938,,
Bogor,Jawa Barat,106.44992688236111,-6.641364623455748,855,15.80230712890625,156.2286376953125,161,5100.245594263077,10,0.12673407793045044,-0.11660192161798477,-0.11320081353187561,298.494,2169.933837890625,24.8308048248291,,
Bogor,Jawa Barat,107.04237700351891,-6.632154292556123,741,18.066986083984375,333.28076171875,205,4463.908442854881,10,0.11069553345441818,-0.09965845942497253,-0.09956087917089462,298.78933333333333,2169.93359375,24.707237243652344,,
Bogor,Jawa Barat,106.5413971841413,-6.598142528748101,285,1.3158189058303833,225.19036865234375,183,4717.900579929352,80,0.1328098028898239,-0.09449557960033417,0.044954508543014526,301.2685714285714,2169.933349609375,24.681560516357422,,
Bogor,Jawa Barat,107.03175092727963,-6.492344201249487,194,7.880733966827393,339.3224792480469,189,3944.766277730465,10,0.2057824283838272,-0.16347001492977142,-0.19120918214321136,302.6978947368421,2169.933349609375,24.334423065185547,,
Bogor,Jawa Barat,107.20871242329035,-6.629814769206063,421,22.111522674560547,331.2276306152344,213,4293.915336608887,10,0.2660098373889923,-0.21360528469085693,-0.22771501541137695,299.85739130434786,673.958251953125,24.568544387817383,,
Bogor,Jawa Barat,106.91551741279355,-6.464602114598288,114,2.9323034286499023,161.4551239013672,177,3902.867429435253,50,0.14070948958396912,-0.11383748799562454,-0.07627737522125244,305.7633333333333,2169.933837890625,23.971342086791992,,
Bogor,Jawa Barat,106.57997682769124,-6.503187640166947,511,6.724499225616455,196.04336547851562,186,4811.53383564949,10,0.1545226126909256,-0.13600517809391022,-0.13776378333568573,298.63222222222225,2169.933349609375,24.376371383666992,,
Bogor,Jawa Barat,107.14790066895647,-6.655500534007057,267,21.064403533935547,337.6148681640625,205,4048.156544327736,10,0.26509183645248413,-0.21194060146808624,-0.27658629417419434,301.065,2169.933349609375,24.707237243652344,,
Bogor,Jawa Barat,106.64269597615177,-6.513996029545207,125,2.9323322772979736,198.5465545654297,183,4875.822245955467,10,0.1429586112499237,-0.1137348935008049,-0.13710597157478333,301.4113043478261,2169.93359375,24.285863876342773,,
Bogor,Jawa Barat,106.9233448008476,-6.404681574626583,82,2.0756359100341797,153.29119873046875,177,3390.891127049923,10,0.12181373685598373,-0.0901774913072586,-0.1479298546910286,305.536,7709.4296875,23.971342086791992,,
Bogor,Jawa Barat,106.96809843115855,-6.526256076241224,417,6.571310997009277,261.921875,201,3702.62090998888,10,0.1931769698858261,-0.15388740599155426,-0.20123164355754852,299.98,2169.933837890625,24.449819564819336,,
Bogor,Jawa Barat,106.47593469701128,-6.734141005275111,1613,9.257922172546387,90.0,151,5290.105481147766,10,0.03592716529965401,-0.04885324835777283,-0.02381119504570961,293.86,468.7270202636719,25.109359741210938,,
Bogor,Jawa Barat,106.94243086016039,-6.583715565117262,374,31.659696578979492,13.758628845214844,158,4307.002587556839,10,0.17667610943317413,-0.1543826460838318,-0.17366226017475128,300.74315789473684,2169.933837890625,24.993913650512695,,
Bogor,Jawa Barat,107.02609045954688,-6.597587486694522,450,11.482983589172363,28.770780563354492,163,4174.501218318939,40,0.14573326706886292,-0.13381026685237885,-0.07366375625133514,301.3075,2169.93359375,24.707237243652344,,
Bogor,Jawa Barat,106.47902851901863,-6.704381098307746,1480,23.81696319580078,143.78541564941406,137,5290.105481147766,10,0.04872031509876251,-0.06133068725466728,-0.007613055408000946,294.2,2169.933349609375,25.109359741210938,,
Bogor,Jawa Barat,106.62863997982812,-6.593675212477699,273,7.606289863586426,345.8740234375,186,5065.836216688156,10,0.18367508053779602,-0.13821430504322052,-0.1935960352420807,301.39652173913043,2169.933349609375,24.598072052001953,,
Bogor,Jawa Barat,107.05002390010979,-6.596688691696372,635,19.72298240661621,270.0,241,4174.501218318939,10,0.16515879333019257,-0.13480480015277863,-0.2813812345266342,299.4188888888889,2169.93359375,24.707237243652344,,
Bogor,Jawa Barat,107.09973873795207,-6.462358543092803,97,6.505849361419678,90.0,160,3705.601014614105,10,0.22268608212471008,-0.17306983470916748,-0.19290590286254883,303.52636363636367,2169.933837890625,23.699430465698242,,
Bogor,Jawa Barat,106.48835050424603,-6.655012867563818,813,10.52191162109375,74.84292602539062,149,5483.020933628082,10,0.14156830310821533,-0.118894062936306,-0.10081195831298828,298.92,2169.933349609375,24.681560516357422,,
Bogor,Jawa Barat,106.88224922989822,-6.518300291304329,182,4.16213321685791,296.4167175292969,192,4368.204618692398,10,0.1656431406736374,-0.13452109694480896,-0.13163204491138458,303.9978947368421,2169.93359375,24.449819564819336,,
Bogor,Jawa Barat,106.67365221662392,-6.433823489830667,95,2.075659990310669,333.2898864746094,183,4132.018556594849,10,0.16893960535526276,-0.13627441227436066,-0.2625810354948044,303.81176470588235,2169.93359375,23.93191146850586,,
Bogor,Jawa Barat,106.69586163683776,-6.615655589816298,351,2.630298137664795,45.19138717651367,174,5074.582198143005,10,0.1648518294095993,-0.12969085574150085,-0.15581856667995453,303.19,2169.93359375,24.598072052001953,,
Bogor,Jawa Barat,106.60342612583025,-6.595808214722318,313,9.240818977355957,5.748388767242432,177,5065.836216688156,10,0.22441981732845306,-0.1772480010986328,-0.14600242674350739,300.89619047619044,2169.93359375,24.598072052001953,,
Bogor,Jawa Barat,106.46662432207863,-6.5160126104381035,181,4.74796724319458,258.7612609863281,195,4737.695574164391,10,0.18769678473472595,-0.15974023938179016,-0.26673197746276855,301.33750000000003,2169.93359375,24.376371383666992,,
Bogor,Jawa Barat,107.02500639090829,-6.634112425080947,755,19.337148666381836,326.1320495605469,214,4463.908442854881,10,0.1113414540886879,-0.09305960685014725,-0.06135327368974686,299.0458823529412,2169.933837890625,24.707237243652344,,
Bogor,Jawa Barat,107.0569667677358,-6.527932938916588,306,18.2353458404541,278.47625732421875,236,3766.0068249702454,10,0.19960372149944305,-0.1662500500679016,-0.1436009258031845,302.0929411764706,2169.93359375,24.334423065185547,,
Bogor,Jawa Barat,106.48705687088145,-6.678669419667639,1141,27.562822341918945,334.0776062011719,217,5483.020933628082,10,0.10330687463283539,-0.0927785336971283,-0.012594856321811676,296.2242857142857,2169.93359375,25.109359741210938,,
Bogor,Jawa Barat,106.62602566321641,-6.421193170837134,73,5.657899856567383,279.4040222167969,198,4032.6338045597076,60,0.07361344993114471,-0.0368676520884037,-0.07760964334011078,302.7811111111111,2169.93359375,23.93191146850586,,
Bogor,Jawa Barat,106.62355289941893,-6.362778188447169,54,2.083303928375244,116.4237060546875,174,3466.9068363904953,10,0.11601093411445618,-0.09060779958963394,-0.15291282534599304,304.02736842105264,5204.1396484375,23.55120849609375,,
Bogor,Jawa Barat,106.94882103187643,-6.728716876811752,1342,27.9503116607666,252.23667907714844,255,4639.923124194145,10,0.0503716804087162,-0.05009942129254341,-0.012902360409498215,295.77,2169.93359375,24.855131149291992,,
Bogor,Jawa Barat,106.86557046939379,-6.606681449266515,293,6.762402057647705,254.1551513671875,201,4717.3144735097885,10,0.21167877316474915,-0.17161954939365387,-0.14032810926437378,302.80933333333337,2169.933349609375,24.522785186767578,,
Bogor,Jawa Barat,106.56324835893702,-6.612846352154747,844,24.320890426635742,307.5093688964844,239,5135.607488870621,10,0.1159178763628006,-0.10143822431564331,-0.0516604483127594,298.9842105263158,2169.93359375,24.681560516357422,,
Bogor,Jawa Barat,106.4164172761159,-6.48790407861387,124,2.932317018508911,18.545663833618164,177,4385.3462117910385,10,0.2551651895046234,-0.20828886330127716,-0.1929144561290741,300.78833333333336,2169.93359375,24.200273513793945,,
Bogor,Jawa Barat,106.70190215976601,-6.670073909076049,690,10.79190731048584,250.14154052734375,212,5708.007169246674,30,0.14291232824325562,-0.11349008977413177,-0.054393887519836426,299.98947368421057,2169.93359375,25.115137100219727,,
Bogor,Jawa Barat,106.50619977982622,-6.360072889287421,54,1.8543341159820557,180.0,180,3668.1886801719666,40,0.11758796125650406,-0.10740004479885101,-0.1274188831448555,302.94545454545454,2169.93359375,23.158239364624023,,
Bogor,Jawa Barat,106.55060588002877,-6.56378209404963,329,7.483408451080322,97.07878875732422,157,5091.430780410767,10,0.28872808814048767,-0.2162974774837494,-0.11606740951538086,300.9382608695652,2169.933837890625,24.681560516357422,,
Bogor,Jawa Barat,106.4562012602902,-6.6011548433634655,663,10.499914169311523,52.3095703125,154,5171.911107778549,10,0.1527378112077713,-0.12291523814201355,-0.1818065494298935,299.279,2169.933349609375,24.681560516357422,,
Bogor,Jawa Barat,106.49077396507887,-6.587778765099274,581,21.382753372192383,253.17791748046875,243,4954.823896884918,10,0.1698320508003235,-0.14478635787963867,-0.20159652829170227,299.9017391304348,2169.93359375,24.681560516357422,,
Bogor,Jawa Barat,107.10911622027916,-6.639258320159549,460,14.766095161437988,349.310302734375,189,3892.5603647232056,10,0.24355348944664001,-0.19168642163276672,-0.09884652495384216,300.97,2169.933837890625,24.707237243652344,,
Bogor,Jawa Barat,107.05273832359083,-6.511053635581174,155,2.083791732788086,116.41703796386719,174,3766.0068249702454,40,0.176061749458313,-0.13030095398426056,-0.042954221367836,303.03555555555556,2169.93359375,24.334423065185547,,
Bogor,Jawa Barat,106.63777794232264,-6.555213245714306,160,5.659357070922852,99.40156555175781,163,5065.836216688156,10,0.1608947217464447,-0.14181703329086304,-0.11663833260536194,301.975,2169.93359375,24.285863876342773,,
Bogor,Jawa Barat,107.14628855252539,-6.486802532529042,65,0.9333842396736145,270.0,183,3624.5573242902756,40,0.13010796904563904,-0.11129409074783325,-0.09777624905109406,303.65391304347827,2169.93359375,24.334423065185547,,
Bogor,Jawa Barat,106.42000592545574,-6.529175130103648,201,19.371938705444336,103.3087387084961,122,4523.9107275009155,10,0.2158595621585846,-0.17386718094348907,-0.30196884274482727,300.4336,2169.933837890625,24.200273513793945,,
Bogor,Jawa Barat,106.84920290310521,-6.471193778616166,124,1.8662158250808716,90.0,174,4371.571661949158,50,0.054474856704473495,-0.037055451422929764,-0.044125717133283615,308.79555555555555,2169.93359375,24.40625762939453,,
Bogor,Jawa Barat,106.45831197714509,-6.578666519939161,753,13.903862953186035,148.22329711914062,157,4954.823896884918,30,0.1550917774438858,-0.12486866861581802,-0.11517848074436188,299.425,2169.933837890625,24.681560516357422,,
Bogor,Jawa Barat,106.49456804863847,-6.6880873102641125,1201,18.01332664489746,53.31771469116211,136,5483.020933628082,10,0.06323785334825516,-0.060131512582302094,-0.04409448057413101,295.3811764705883,2169.93359375,25.109359741210938,,
Bogor,Jawa Barat,106.88862874397248,-6.679918179641819,656,3.3473522663116455,326.12957763671875,186,4458.884037494659,10,0.16659070551395416,-0.14369641244411469,-0.1357565075159073,303.2342857142857,2169.93359375,24.855131149291992,,
Bogor,Jawa Barat,106.47565782084918,-6.5826013973125574,562,14.243816375732422,50.38070297241211,146,4954.823896884918,30,0.17646971344947815,-0.14411373436450958,-0.15246155858039856,299.3445454545454,2169.933837890625,24.681560516357422,,
Bogor,Jawa Barat,106.76090250673568,-6.70865858949515,1382,19.012937545776367,45.19682312011719,139,5224.574828028679,10,0.05779503285884857,-0.06594128161668777,0.0015044771134853363,294.84000000000003,2169.933837890625,24.85558319091797,,
Bogor,Jawa Barat,106.69683515308465,-6.501355857834053,115,3.3552751541137695,236.48033142089844,189,5034.142324209213,10,0.19163258373737335,-0.13752271234989166,-0.1831047385931015,303.0838095238095,2169.933349609375,24.285863876342773,,
Bogor,Jawa Barat,107.01023767194354,-6.589880616342438,502,13.765974998474121,352.3554382324219,186,4174.501218318939,10,0.20040841400623322,-0.15625342726707458,-0.08187083899974823,301.6075,2169.933837890625,24.993913650512695,,
Bogor,Jawa Barat,106.55393578372242,-6.490764437842337,415,23.02401351928711,316.3641662597656,229,4871.40446293354,10,0.16240546107292175,-0.11786752194166183,-0.01873794198036194,299.507,2169.933837890625,24.376371383666992,,
Bogor,Jawa Barat,106.98814626856517,-6.497825326612147,280,30.006080627441406,57.81923294067383,104,3874.8406867980957,10,0.20875634253025055,-0.17124836146831512,-0.1939585953950882,300.5288,2169.933837890625,24.449819564819336,,
Bogor,Jawa Barat,106.78518122794351,-6.6748678020874035,576,3.942227602005005,45.1948356628418,172,5889.075563192368,10,0.15764831006526947,-0.12605082988739014,-0.05585676431655884,301.5028571428571,2169.93359375,24.85558319091797,,
Bogor,Jawa Barat,106.73040995435183,-6.43817041023255,108,3.7282397747039795,270.0,192,4193.8234204649925,10,0.15106657147407532,-0.11647100001573563,-0.22697347402572632,306.10375,2169.93359375,23.93191146850586,,
Bogor,Jawa Barat,106.58318978175559,-6.386337832698436,143,15.45012092590332,319.58770751953125,211,3650.0932648181915,10,0.23340937495231628,-0.19588154554367065,-0.2795102298259735,302.357,2169.933837890625,23.742650985717773,,
Bogor,Jawa Barat,106.97592800598326,-6.744248706838647,1805,17.939640045166016,-0.0,180,4388.019289255142,10,0.054391514509916306,-0.05443940311670303,-0.010139476507902145,292.32181818181823,963.7020874023438,24.855131149291992,,
Bogor,Jawa Barat,106.47116377119754,-6.560432751633842,863,26.45150375366211,231.8155517578125,243,4954.823896884918,10,0.12296398729085922,-0.10355447977781296,-0.016280673444271088,298.59238095238095,2169.93359375,24.376371383666992,,
Bogor,Jawa Barat,107.04481009955948,-6.414058031032918,64,2.9470136165618896,251.67269897460938,189,3560.38719189167,10,0.1657324731349945,-0.13943782448768616,-0.20466265082359314,304.2344444444445,2169.93359375,23.699430465698242,,
Bogor,Jawa Barat,106.48457009061593,-6.511186221346064,154,8.511433601379395,319.21539306640625,198,4737.695574164391,10,0.20807096362113953,-0.14383740723133087,-0.21998223662376404,301.39565217391305,2169.933349609375,24.376371383666992,,
Bogor,Jawa Barat,106.7571356451929,-6.6079504966316485,252,0.9336112141609192,90.0,177,5824.3705224990845,50,0.12702690064907074,-0.10514343529939651,-0.030177518725395203,305.06375,2169.93359375,24.522785186767578,,
Bogor,Jawa Barat,107.06883008951553,-6.602415015495584,470,7.483971118927002,82.9217529296875,157,4378.963024735451,10,0.22364111244678497,-0.17535771429538727,-0.033765897154808044,300.4122222222222,2169.93359375,24.707237243652344,,
Bogor,Jawa Barat,106.44394099552672,-6.513187700429612,148,15.076750755310059,294.8750305175781,223,4523.9107275009155,10,0.21827571094036102,-0.17700880765914917,-0.20515240728855133,300.6515384615385,2169.933837890625,24.200273513793945,,
Bogor,Jawa Barat,106.98151491017987,-6.412868747523621,76,1.8660014867782593,270.0,186,3336.3241298794746,10,0.16664519906044006,-0.13159547746181488,-0.13777649402618408,306.4746666666667,2169.93359375,23.971342086791992,,
Bogor,Jawa Barat,106.72895899579255,-6.661684933397202,679,8.699212074279785,327.8199157714844,195,5708.007169246674,10,0.09881549328565598,-0.07131044566631317,-0.043654896318912506,300.44,2169.93359375,25.115137100219727,,
Bogor,Jawa Barat,106.54749312074887,-6.654908403011383,521,16.664913177490234,319.20721435546875,214,5337.203585863113,10,0.198670893907547,-0.1641642153263092,-0.1756594181060791,299.1716666666667,2169.933349609375,24.681560516357422,,
Bogor,Jawa Barat,107.06665582829685,-6.49432368348433,123,2.075709819793701,333.2871398925781,183,3705.601014614105,40,0.1190500259399414,-0.10737281292676926,-0.05766156315803528,303.49894736842106,2169.933837890625,24.334423065185547,,
Bogor,Jawa Barat,106.71577288150073,-6.408002488487452,83,3.9411721229553223,134.82044982910156,172,4193.8234204649925,10,0.10961489379405975,-0.09368888288736343,-0.1015005111694336,305.9138461538462,2169.93359375,23.93191146850586,,
Bogor,Jawa Barat,106.45290028050222,-6.7237421699768225,1621,36.28558349609375,22.17408561706543,140,5290.105481147766,10,0.04576997086405754,-0.055581629276275635,-0.011684346944093704,292.2646153846154,472.5152587890625,25.04014015197754,,
Bogor,Jawa Barat,106.55068715642273,-6.623942536105832,363,4.6472063064575195,306.6858825683594,192,5135.607488870621,30,0.11616498231887817,-0.10378235578536987,-0.10240760445594788,300.2245454545454,2169.933349609375,24.681560516357422,,
Bogor,Jawa Barat,106.55691063155228,-6.5773123019840165,263,4.638379096984863,37.05167007446289,172,5091.430780410767,10,0.17875924706459045,-0.13602110743522644,-0.20571103692054749,301.6391304347826,2169.933837890625,24.681560516357422,,
Bogor,Jawa Barat,106.80783137185115,-6.741395038466278,496,0.9338654279708862,270.0,183,4610.852992415428,50,0.1545114815235138,-0.127568319439888,-0.034355342388153076,302.986,2169.933349609375,24.85558319091797,,
Bogor,Jawa Barat,106.59881695870506,-6.543130707733094,329,13.606648445129395,109.53553009033203,140,4811.53383564949,10,0.19363200664520264,-0.1591154932975769,-0.0710393488407135,300.68080000000003,2169.933837890625,24.285863876342773,,
Bogor,Jawa Barat,106.9278511481219,-6.6735005889490475,802,0.9274099469184875,-0.0,180,4096.724369227886,50,0.09032891690731049,-0.07788430899381638,-0.0929039716720581,302.31333333333333,2169.93359375,24.855131149291992,,
Bogor,Jawa Barat,106.5221849411147,-6.622280815309761,590,11.079638481140137,24.588762283325195,166,5029.259747266769,10,0.23722253739833832,-0.1851029396057129,-0.03251112997531891,299.7481818181818,2169.933349609375,24.681560516357422,,
Bogor,Jawa Barat,106.75189638915403,-6.665103065152133,695,5.933342456817627,321.1505126953125,192,5889.075563192368,10,0.13190197944641113,-0.11525141447782516,0.009812489151954651,300.33625,2169.93359375,24.85558319091797,,
Bogor,Jawa Barat,106.48428007498502,-6.598253844455801,610,12.261929512023926,77.08856201171875,143,4954.823896884918,30,0.14925241470336914,-0.1243966668844223,-0.11143136024475098,300.058,2169.933349609375,24.681560516357422,,
Bogor,Jawa Barat,106.99266146685228,-6.646789182289463,1408,14.953640937805176,14.12743854522705,169,4318.325363516808,10,0.052547331899404526,-0.05163194611668587,-0.03143696114420891,294.8018181818182,2169.93359375,24.993913650512695,,
Bogor,Jawa Barat,106.62886422298038,-6.451952150781791,252,33.29653549194336,33.071495056152344,126,4696.554250836372,10,0.24283666908740997,-0.18855375051498413,-0.2440073937177658,301.981,2169.93359375,23.93191146850586,,
Bogor,Jawa Barat,106.70619253302401,-6.704987297389952,1267,8.725226402282715,238.17108154296875,204,5461.778191566467,10,0.04459616541862488,-0.046081773936748505,-0.012683529406785965,295.695,2169.933349609375,25.115137100219727,,
Bogor,Jawa Barat,106.77143053575517,-6.626792183469796,334,5.547544956207275,-0.0,180,5824.3705224990845,30,0.18150515854358673,-0.1483197659254074,-0.05950064957141876,303.4533333333333,2169.93359375,24.522785186767578,,
Bogor,Jawa Barat,106.72562567173765,-6.540841670270156,157,9.240808486938477,5.747757434844971,177,5703.288542628288,10,0.20569385588169098,-0.1663816273212433,-0.10100559890270233,304.0329411764706,2169.93359375,24.285863876342773,,
Bogor,Jawa Barat,106.52267133448755,-6.3669728996737875,47,6.6864752769470215,236.4733428955078,198,3668.1886801719666,10,0.15424764156341553,-0.12577533721923828,-0.25495216250419617,302.6304761904762,2169.93359375,23.158239364624023,,
Bogor,Jawa Barat,106.49227412030453,-6.509245338311155,174,4.657261371612549,270.0,195,4737.695574164391,10,0.20827698707580566,-0.15755285322666168,-0.2093721628189087,300.9775,2169.93359375,24.376371383666992,,
Bogor,Jawa Barat,107.15945611604693,-6.500172352097341,46,4.747823715209961,101.23908233642578,166,3699.6678622961044,40,0.18917419016361237,-0.15971602499485016,-0.10669143497943878,303.4572727272727,1985.6092529296875,23.816160202026367,,
Bogor,Jawa Barat,106.94033124719104,-6.639575616703869,1198,29.400121688842773,198.55093383789062,208,4462.325247049332,10,0.07117994129657745,-0.06026771292090416,-0.006599098443984985,297.1030769230769,2169.933837890625,24.993913650512695,,
Bogor,Jawa Barat,106.96620513942885,-6.5269395067919715,392,10.31104564666748,243.58367919921875,209,3702.62090998888,10,0.18558916449546814,-0.1321621686220169,-0.1436823606491089,299.98,2169.93408203125,24.449819564819336,,
Bogor,Jawa Barat,107.0757171650538,-6.586028590148588,493,4.162583351135254,63.58638381958008,169,4068.0464820861816,10,0.2105468213558197,-0.17001473903656006,-0.09200352430343628,300.7247619047619,2169.93359375,24.707237243652344,,
Bogor,Jawa Barat,106.7217621649417,-6.5680274178213915,185,3.941800117492676,314.8113708496094,189,5483.161243081093,10,0.1967754364013672,-0.16076304018497467,-0.17490845918655396,305.5216666666667,2169.93359375,24.598072052001953,,
Bogor,Jawa Barat,106.65983714964433,-6.365006243029581,56,3.8198728561401367,165.8801727294922,177,3511.595006942749,10,0.1905975341796875,-0.15128925442695618,-0.26505500078201294,302.9822222222222,4222.591796875,23.55120849609375,,
Bogor,Jawa Barat,107.03526805413368,-6.479206061104271,86,4.986504077911377,338.07171630859375,186,3944.766277730465,50,0.13608001172542572,-0.10264671593904495,-0.08853697776794434,303.9322222222222,2169.93359375,24.334423065185547,,
Bogor,Jawa Barat,106.64566558474178,-6.54626711530726,170,11.579390525817871,198.5476837158203,192,4875.822245955467,10,0.1654612123966217,-0.13880722224712372,-0.22697997093200684,302.38956521739135,2169.93359375,24.285863876342773,,
Bogor,Jawa Barat,106.90341955787532,-6.610331128686599,504,9.97680950164795,56.48610305786133,154,4462.325247049332,10,0.1618633270263672,-0.13661733269691467,-0.06509566307067871,301.356,2169.93359375,24.993913650512695,,
Bogor,Jawa Barat,106.83029920271512,-6.52577841884894,165,2.0757362842559814,26.714319229125977,177,4388.438896775246,10,0.12526202201843262,-0.10000067204236984,-0.11763043701648712,306.90500000000003,2169.93359375,24.40625762939453,,
Bogor,Jawa Barat,106.71498628988661,-6.531829224849972,142,2.083860158920288,116.41609954833984,174,5703.288542628288,40,0.19092462956905365,-0.1546992063522339,-0.1078253835439682,303.80333333333334,2169.933837890625,24.285863876342773,,
Bogor,Jawa Barat,106.69088323033039,-6.410348570951795,85,2.0834598541259766,116.42156982421875,174,4132.018556594849,10,0.14899268746376038,-0.11669325828552246,-0.25769689679145813,304.1375,2169.93359375,23.93191146850586,,
Bogor,Jawa Barat,106.49764730257947,-6.694086015494147,1318,8.521533012390137,130.40774536132812,160,5483.020933628082,10,0.05886175110936165,-0.0553056076169014,-0.05510764196515083,294.7988235294118,2169.933349609375,25.109359741210938,,
Bogor,Jawa Barat,106.57572053995719,-6.5376816439465,524,9.951313972473145,146.13719177246094,163,4811.53383564949,10,0.1338270902633667,-0.11093269288539886,-0.07448220252990723,299.372380952381,2169.933349609375,24.376371383666992,,
Bogor,Jawa Barat,106.54045684705616,-6.602084333270099,293,3.3471877574920654,326.1337585449219,186,5029.259747266769,80,0.1608305126428604,-0.12513551115989685,-0.036401718854904175,301.2133333333333,2169.93359375,24.681560516357422,,
Bogor,Jawa Barat,106.46286447678686,-6.529810640400123,367,19.371957778930664,283.3087158203125,239,4737.695574164391,10,0.17332743108272552,-0.1406308263540268,-0.11144538223743439,300.68,2169.933837890625,24.376371383666992,,
Bogor,Jawa Barat,106.44205798748904,-6.45630579212123,74,10.736655235290527,20.10047149658203,169,4385.3462117910385,10,0.19340436160564423,-0.160261869430542,-0.22826819121837616,301.9512,2169.93359375,24.011669158935547,,
Bogor,Jawa Barat,106.88864700842021,-6.4632871200537965,107,14.696488380432129,119.58776092529297,141,4148.7910034656525,10,0.11305594444274902,-0.08184702694416046,0.08457922749221325,306.79058823529414,2169.93359375,23.971342086791992,,
Bogor,Jawa Barat,106.970011003277,-6.328902955747246,39,8.537269592285156,102.45484161376953,154,2793.477760910988,50,0.0923280268907547,-0.07436010241508484,-0.06431713700294495,308.83,2169.93359375,23.077157974243164,,
Bogor,Jawa Barat,107.09565717360636,-6.495168304843768,191,5.624557971954346,9.522330284118652,177,3705.601014614105,10,0.2229848951101303,-0.17669707536697388,-0.26309461891651154,302.4866666666667,2169.933837890625,24.334423065185547,,
Bogor,Jawa Barat,106.59282055723074,-6.6112770962665985,589,15.190640449523926,17.463151931762695,166,5135.607488870621,10,0.18569901585578918,-0.1523498296737671,-0.07958540320396423,299.71,2169.93359375,24.681560516357422,,
Bogor,Jawa Barat,106.81793875499424,-6.767702554681271,607,7.436440944671631,352.82550048828125,183,4253.270837545395,10,0.19537422060966492,-0.16274487972259521,-0.0855022668838501,302.02,633.6908569335938,24.61726951599121,,
Bogor,Jawa Barat,106.64576307137403,-6.635629007627624,402,7.606328010559082,345.87286376953125,186,5098.35746049881,40,0.17630742490291595,-0.14609166979789734,-0.17496003210544586,301.2321739130435,2169.933837890625,24.598072052001953,,
Bogor,Jawa Barat,106.42673137811003,-6.461955149691676,89,8.53935718536377,282.4516906738281,206,4385.3462117910385,10,0.19740793108940125,-0.1583046019077301,-0.23108288645744324,301.7936,2169.93359375,24.011669158935547,,
Bogor,Jawa Barat,106.9897756507222,-6.567669068938461,384,7.066943168640137,113.06231689453125,160,4091.938931822777,10,0.25807568430900574,-0.20220571756362915,-0.27231064438819885,300.90700000000004,2169.93359375,24.993913650512695,,
Bogor,Jawa Barat,106.5962354492989,-6.5022737438698135,516,13.864264488220215,156.66722106933594,163,4811.53383564949,10,0.16327278316020966,-0.1281643509864807,-0.08100609481334686,299.274,2169.933349609375,24.285863876342773,,
Bogor,Jawa Barat,106.54550726380026,-6.415553347107364,73,2.0756447315216064,206.70928955078125,183,4176.140424489975,10,0.21596626937389374,-0.1683133989572525,-0.17812339961528778,301.86560000000003,2169.93359375,23.742650985717773,,
Bogor,Jawa Barat,106.76384841781831,-6.624662711341916,327,2.075819730758667,26.718896865844727,177,5824.3705224990845,10,0.1499301642179489,-0.11342209577560425,-0.0340796560049057,304.08,2169.933349609375,24.522785186767578,,
Bogor,Jawa Barat,107.15545210020016,-6.568319892009322,98,2.0839829444885254,243.5855712890625,186,4073.8138769865036,40,0.15515252947807312,-0.12859420478343964,-0.1634497344493866,302.0675,2169.93359375,24.707237243652344,,
Bogor,Jawa Barat,106.46418502517453,-6.359175487888547,72,2.07559871673584,26.706762313842773,177,3632.70702958107,10,0.18378224968910217,-0.14659525454044342,-0.12334778904914856,302.48900000000003,2169.933837890625,23.158239364624023,,
Bogor,Jawa Barat,106.7688279636639,-6.673277256798126,707,22.603984832763672,346.4156188964844,197,5889.075563192368,10,0.16492722928524017,-0.13255296647548676,0.05642435699701309,300.0471428571429,2169.933837890625,24.85558319091797,,
Bogor,Jawa Barat,106.47530499134217,-6.632071444704919,839,8.49105167388916,12.610517501831055,174,5171.911107778549,30,0.0982879102230072,-0.09097938239574432,-0.0733875185251236,298.172,2169.93359375,24.681560516357422,,
Bogor,Jawa Barat,106.91598581098198,-6.423182872588862,97,1.3155882358551025,45.180389404296875,177,3390.891127049923,10,0.178684800863266,-0.1304939091205597,-0.11839091777801514,306.152,2178.8525390625,23.971342086791992,,
Bogor,Jawa Barat,107.1081568727131,-6.521868661961966,143,7.606225490570068,345.8759765625,186,3559.7336431741714,10,0.2529653012752533,-0.1908831149339676,-0.1638050377368927,302.9165217391305,2169.93359375,24.334423065185547,,
Bogor,Jawa Barat,106.97026764737605,-6.468080714724043,123,7.035032749176025,203.3313446044922,189,3874.8406867980957,10,0.19304896891117096,-0.1409214287996292,-0.3046175688505173,301.81904761904764,2169.93359375,23.971342086791992,,
Bogor,Jawa Barat,106.48287457040153,-6.401698415570484,77,6.464860916137695,-0.0,180,4006.162138938904,10,0.2159024178981781,-0.17563407123088837,-0.1997370719909668,301.0912,2169.93359375,23.742650985717773,,
Bogor,Jawa Barat,106.62384484286706,-6.4937843231333545,380,27.40543556213379,165.4402313232422,159,4696.554250836372,10,0.14213114976882935,-0.12051303684711456,-0.21993780136108398,300.23047619047617,2169.93359375,24.285863876342773,,
Bogor,Jawa Barat,106.90286767785443,-6.72389369274991,988,8.72546672821045,238.1720733642578,204,4639.923124194145,10,0.15074466168880463,-0.12238451093435287,-0.044505998492240906,297.97400000000005,2169.93359375,24.855131149291992,,
Bogor,Jawa Barat,106.81932234194419,-6.738877599548465,499,3.942488193511963,45.1986083984375,172,4610.852992415428,50,0.07559000700712204,-0.07813490927219391,-0.035605497658252716,303.14526315789476,2169.93359375,24.85558319091797,,
Bogor,Jawa Barat,106.66417053657277,-6.58880587770002,261,1.3158067464828491,314.8101501464844,183,5145.198772192001,60,0.14997442066669464,-0.12502864003181458,-0.07813684642314911,304.67125,2169.933837890625,24.598072052001953,,
Bogor,Jawa Barat,106.83926463391846,-6.7205901550349125,511,2.0844998359680176,296.4073486328125,186,4610.852992415428,40,0.12531353533267975,-0.10633795708417892,-0.0734284371137619,302.34117647058827,2169.93359375,24.85558319091797,,
Bogor,Jawa Barat,107.02258077941276,-6.56982383501607,393,6.6715497970581055,326.135498046875,192,4174.501218318939,10,0.29763951897621155,-0.23102250695228577,-0.08516430854797363,300.9533333333333,2169.93359375,24.707237243652344,,
Bogor,Jawa Barat,107.11294506077584,-6.605308692264078,174,7.650600433349609,76.05327606201172,157,3892.5603647232056,10,0.28662538528442383,-0.22515882551670074,-0.11861953139305115,302.5190476190476,2169.933349609375,24.707237243652344,,
Bogor,Jawa Barat,107.023404576342,-6.516419156653063,245,9.790790557861328,41.37004089355469,160,4038.3797636032104,10,0.26638707518577576,-0.20917744934558868,-0.17333343625068665,301.081,2169.93359375,24.334423065185547,,
Bogor,Jawa Barat,107.05707472686098,-6.541699048343936,413,5.659207820892334,99.40181732177734,163,3766.0068249702454,40,0.2635825574398041,-0.21992336213588715,-0.16136649250984192,301.2209523809524,2169.93359375,24.334423065185547,,
Bogor,Jawa Barat,106.73263585610236,-6.4280671409974275,93,1.3155946731567383,134.8193359375,177,4193.8234204649925,10,0.14495187997817993,-0.11448580771684647,-0.20546409487724304,307.41333333333336,2169.93359375,23.93191146850586,,
Bogor,Jawa Barat,106.93294049271267,-6.4151214632891564,77,1.315577745437622,134.820068359375,177,3390.891127049923,50,0.07503445446491241,-0.05403759703040123,-0.06639648973941803,306.49875000000003,2169.93359375,23.971342086791992,,
Bogor,Jawa Barat,107.03740411002231,-6.4096068266898,53,4.645936012268066,126.69759368896484,169,3560.38719189167,80,0.03823017701506615,-0.02072940580546856,-0.03976661339402199,304.2344444444445,2169.93359375,23.699430465698242,,
Bogor,Jawa Barat,106.83944168940148,-6.679496465697993,507,5.849579811096191,341.4476623535156,186,5203.147094845772,10,0.15911167860031128,-0.12792450189590454,-0.10311797261238098,301.8263157894737,2345.742919921875,24.85558319091797,,
Bogor,Jawa Barat,107.04386732826043,-6.652670630098087,784,25.286394119262695,157.6980743408203,151,4698.929004788399,10,0.10276593267917633,-0.08457975089550018,-0.1859089583158493,298.8058823529412,2051.083740234375,24.707237243652344,,
Bogor,Jawa Barat,107.0079532748098,-6.553726133235542,273,11.06144905090332,318.17987060546875,203,4174.501218318939,10,0.24274571239948273,-0.18715733289718628,-0.09341447055339813,301.454,2169.93359375,24.449819564819336,,
Bogor,Jawa Barat,106.98754568457545,-6.604849951729398,1033,47.12047576904297,280.3919982910156,255,4318.325363516808,10,0.08509281277656555,-0.07328640669584274,0.0050644651055336,298.31733333333335,2169.93359375,24.993913650512695,,
Bogor,Jawa Barat,106.49891319202862,-6.5202493124594145,157,5.009929180145264,291.6734924316406,195,4737.695574164391,50,0.08358098566532135,-0.0776912197470665,-0.04605475068092346,301.0652173913044,2169.93359375,24.376371383666992,,
Bogor,Jawa Barat,106.77267000344845,-6.746692626526217,692,4.163675308227539,63.5938720703125,169,5224.574828028679,10,0.1768784373998642,-0.1447233408689499,-0.14131350815296173,299.71,1636.0262451171875,24.85558319091797,,
Bogor,Jawa Barat,107.08050458488277,-6.480690552450378,98,0.9333734512329102,90.0,177,3705.601014614105,40,0.12906982004642487,-0.10171029716730118,-0.1106216311454773,303.634,2169.93359375,24.334423065185547,,
Bogor,Jawa Barat,106.55324610152405,-6.4612285114809245,235,21.80875587463379,21.49479866027832,156,4871.40446293354,10,0.18400192260742188,-0.14752112329006195,-0.1242310106754303,300.3807142857143,2169.933837890625,23.742650985717773,,
Bogor,Jawa Barat,106.69541902140111,-6.365942314953442,71,0.0,-0.0,180,3511.595006942749,10,0.10475541651248932,-0.08094686269760132,-0.1467549055814743,307.36333333333334,2695.721923828125,23.55120849609375,,
Bogor,Jawa Barat,106.95404576619602,-6.571685589056933,402,12.444704055786133,36.207218170166016,157,4091.938931822777,10,0.19220177829265594,-0.1674179583787918,-0.06741191446781158,301.63,2169.93359375,24.993913650512695,,
