Urban Village/Village,Subdistrict,Regency_City,Province,Longitude,Latitude,Elevation,Slope,Aspect,HillShade,Rainfall,LandCover,NDVI,NDWI,NDVI_Change,LST,PopulationDensity,SoilMoisture,Prediction,GroundTruth
,,Bogor,Jawa Barat,106.864908,-6.515916003,159,2.083807468,296.4168091,186,4368.204619,50,0.141268298,-0.108240396,-0.142652616,307.8833333,2169.933594,24.40625763,,
,,Bogor,Jawa Barat,106.9281765,-6.767210939,1973,33.50300598,211.1407623,232,4408.914301,10,0.01976251,-0.032820787,0.001708589,294.085,1515.770752,25.04787445,,
,,Bogor,Jawa Barat,106.4525659,-6.360083502,66,11.19971466,144.841629,160,3632.70703,10,0.210179314,-0.186515912,-0.157290563,301.7547368,2169.933594,23.28421211,,
,,Bogor,Jawa Barat,106.4694742,-6.463268717,113,6.205400944,153.2885437,172,4313.905398,10,0.193327516,-0.16017963,-0.37618944,302.3432,2169.933838,23.74265099,,
,,Bogor,Jawa Barat,106.8054469,-6.696409034,475,2.084416866,243.591507,186,5203.147095,10,0.206416309,-0.165113598,-0.214083701,301.6663158,2169.933594,24.85558319,,
,,Bogor,Jawa Barat,106.7628514,-6.636849522,410,5.584736824,90,163,5824.370522,10,0.188010097,-0.145163983,-0.146411538,303.1247059,2169.933594,24.52278519,,
,,Bogor,Jawa Barat,106.6588155,-6.595630002,280,9.068305969,335.8959961,192,5145.198772,10,0.154896498,-0.134447023,-0.100220263,302.98,2169.93335,24.59807205,,
,,Bogor,Jawa Barat,106.7350345,-6.631919613,391,5.941873074,128.4723053,166,5427.47884,10,0.192382827,-0.147564992,-0.189669058,302.2741176,2169.933594,24.59807205,,
,,Bogor,Jawa Barat,106.7965942,-6.716069144,539,3.94239521,45.19726181,172,5224.574828,10,0.182927564,-0.157341257,-0.167310998,301.772381,2169.933594,24.85558319,,
,,Bogor,Jawa Barat,106.8385907,-6.508371232,149,4.638148308,322.9521179,189,4388.438897,50,0.048974771,-0.041163489,0.001557607,307.6533333,2169.93335,24.40625763,,
,,Bogor,Jawa Barat,106.8694684,-6.560964349,190,1.315769315,225.1882324,183,4556.907326,10,0.191102266,-0.175565645,-0.189646602,304.9813333,2169.933838,24.40625763,,
,,Bogor,Jawa Barat,106.7832041,-6.681738263,620,5.933421135,38.85044479,169,5889.075563,10,0.152875021,-0.133785695,-0.085507378,300.3615385,2169.933594,24.85558319,,
,,Bogor,Jawa Barat,106.6058004,-6.551542447,240,12.77639008,69.08795166,143,5065.836217,10,0.212286308,-0.178517491,-0.121410236,301.0832,2169.933594,24.28586388,,
,,Bogor,Jawa Barat,106.8292075,-6.466662959,118,2.79806304,90,172,4371.571662,10,0.122708544,-0.110390909,-0.102660269,307.1386667,2169.933594,24.14625549,,
,,Bogor,Jawa Barat,106.4617924,-6.347114645,62,9.104387283,246.167984,206,3510.364734,30,0.14714101,-0.125614524,-0.166132152,303.0075,2169.933838,23.15823936,,
,,Bogor,Jawa Barat,106.7616474,-6.524335987,158,3.355381966,303.5184631,189,5124.675342,50,0.078243174,-0.063079283,-0.057468466,306.1647059,2169.933594,24.40625763,,
,,Bogor,Jawa Barat,106.6267501,-6.678691252,538,9.977749825,303.5102539,206,5168.976742,10,0.228601754,-0.191848144,-0.129344791,299.5008333,2169.933594,25.1151371,,
,,Bogor,Jawa Barat,106.7371188,-6.571249525,193,5.401585579,328.8693542,189,5483.161243,50,0.089000426,-0.086515464,-0.061128683,306.3846154,2169.93335,24.52278519,,
,,Bogor,Jawa Barat,106.475691,-6.428969442,67,2.932282686,341.4563293,183,4006.162139,10,0.201539874,-0.170048594,-0.277585387,302.1225,2169.933594,23.74265099,,
,,Bogor,Jawa Barat,106.4447149,-6.421770939,41,4.637860775,142.9568481,172,4016.743315,10,0.220655978,-0.173425183,-0.132483035,301.1658333,432.7481384,24.01166916,,
,,Bogor,Jawa Barat,106.6807182,-6.502342529,127,2.629998207,314.8151245,186,5034.142324,10,0.157995582,-0.140844539,-0.152748138,302.766,2169.93335,24.28586388,,
,,Bogor,Jawa Barat,106.8006764,-6.703405978,482,1.315960765,134.8034821,177,4610.852992,10,0.206172258,-0.154427186,-0.160568088,302.0095238,2169.93335,24.85558319,,
,,Bogor,Jawa Barat,106.9361225,-6.556747264,251,1.866533875,90,174,4307.002588,50,0.131772131,-0.11581739,-0.128930956,302.4642105,2169.933594,24.44981956,,
,,Bogor,Jawa Barat,106.5905221,-6.649212501,726,13.13082218,257.9842224,220,5135.607489,10,0.174737647,-0.135198489,0.001798585,299.1715789,2169.933594,24.68156052,,
,,Bogor,Jawa Barat,107.0256675,-6.646633287,1003,17.31959152,28.05735397,155,4463.908443,10,0.073768251,-0.067796201,-0.053907283,298.4482353,2169.933594,24.70723724,,
,,Bogor,Jawa Barat,106.9431016,-6.49546977,183,2.083739042,63.58224487,174,3902.867429,10,0.253829092,-0.197502196,-0.165738881,302.3272727,2169.933594,24.44981956,,
,,Bogor,Jawa Barat,107.1120896,-6.518339878,122,0.927409947,0,180,3559.733643,40,0.118923075,-0.094831459,-0.105552919,303.253913,2169.933594,24.33442307,,
,,Bogor,Jawa Barat,107.1832741,-6.610355727,362,26.51235199,13.21885109,162,4167.567222,10,0.238160655,-0.192838952,-0.22498624,300.7207692,2169.933594,24.56854439,,
,,Bogor,Jawa Barat,106.725475,-6.483562969,125,2.083700418,243.5817108,186,5285.347622,10,0.147825643,-0.115778454,-0.181965098,305.9906667,2169.933838,24.28586388,,
,,Bogor,Jawa Barat,106.9492394,-6.587313263,451,16.01349258,16.49255753,166,4307.002588,10,0.140153438,-0.126313135,-0.123174518,300.595,2169.933838,24.99391365,,
,,Bogor,Jawa Barat,106.9212206,-6.462259346,74,1.866183043,270,186,3902.867429,40,0.095941775,-0.076034158,-0.08600881,305.785,2169.933838,23.97134209,,
,,Bogor,Jawa Barat,107.0689171,-6.570395119,442,11.06994534,131.4461365,154,4068.046482,10,0.242478475,-0.192932412,-0.017512545,301.0622222,2169.933594,24.70723724,,
,,Bogor,Jawa Barat,106.9898,-6.44320262,77,4.747308731,78.7596817,166,3336.32413,50,0.110897511,-0.084918097,-0.09181501,306.08,2169.933838,23.97134209,,
,,Bogor,Jawa Barat,106.4453127,-6.439580159,54,2.083554745,63.57972336,174,4016.743315,40,0.148637488,-0.128544301,-0.07536453,301.3033333,456.5289612,24.01166916,,
,,Bogor,Jawa Barat,106.5808911,-6.45045415,150,6.671061516,146.1417999,169,4871.404463,10,0.143016934,-0.13138561,-0.240097374,300.5325,2169.933594,23.74265099,,
,,Bogor,Jawa Barat,106.4789421,-6.616466054,774,2.075812578,206.7185059,183,5171.911108,10,0.152632102,-0.125493973,-0.100332484,298.8621053,2169.933594,24.68156052,,
,,Bogor,Jawa Barat,107.1106142,-6.479675783,46,0.927409947,0,180,3624.557324,40,0.127649337,-0.106204003,-0.051132828,303.5742857,2169.933594,24.33442307,,
,,Bogor,Jawa Barat,106.4648415,-6.590676473,650,12.31657887,243.5866089,215,4954.823897,10,0.147553697,-0.119698025,-0.115525141,299.2847619,2169.933594,24.68156052,,
,,Bogor,Jawa Barat,106.9837655,-6.711292566,1356,23.33758163,79.18729401,110,4388.019289,10,0.065931879,-0.072496101,-0.047693498,296.2461538,1400.108276,24.85513115,,
,,Bogor,Jawa Barat,107.0043814,-6.462850292,78,3.704791784,0,180,3944.766278,10,0.111158319,-0.086953908,-0.124422945,303.8566667,2169.933594,23.97134209,,
,,Bogor,Jawa Barat,106.5148438,-6.396969743,57,5.878341675,251.6721344,198,3668.18868,10,0.176240057,-0.140631288,-0.257435679,302.18,2169.933594,23.74265099,,
,,Bogor,Jawa Barat,106.9474557,-6.640298887,1268,27.92380142,220.2203064,235,4462.325247,10,0.048520837,-0.061568249,-0.043943468,295.3714286,2169.933594,24.99391365,,
,,Bogor,Jawa Barat,106.5524771,-6.381936548,63,6.569489956,81.91960907,160,3650.093265,10,0.146206275,-0.132475615,-0.159390971,303.7233333,2169.933594,23.74265099,,
,,Bogor,Jawa Barat,106.8409378,-6.76871566,609,16.23570442,243.5949097,225,4253.270838,10,0.206952959,-0.162913337,-0.13523075,300.531,1158.37561,24.61726952,,
,,Bogor,Jawa Barat,107.0711687,-6.63474955,885,40.95148849,8.640623093,163,4378.963025,10,0.143368751,-0.133262768,-0.017854676,298.7788235,2169.933838,24.70723724,,
,,Bogor,Jawa Barat,106.7710507,-6.610754234,258,2.948054075,71.67941284,172,5824.370522,10,0.155037582,-0.121193647,-0.092922732,306.2675,2587.721436,24.52278519,,
,,Bogor,Jawa Barat,106.6592314,-6.432455453,62,13.06329823,24.91309929,163,4132.018557,10,0.238726228,-0.20270364,-0.234305382,302.317,2169.933594,23.93191147,,
,,Bogor,Jawa Barat,107.0585654,-6.597878467,565,25.37340355,120.7960587,114,4068.046482,10,0.173554271,-0.139113948,-0.212041646,299.4515789,2169.933594,24.70723724,,
,,Bogor,Jawa Barat,106.6742127,-6.534149045,142,14.23617935,333.2853088,200,5034.142324,10,0.167950824,-0.143281415,-0.181300744,303.3044444,2169.93335,24.28586388,,
,,Bogor,Jawa Barat,106.5938518,-6.742657043,979,7.606426239,14.1301012,174,5028.295107,10,0.123801507,-0.114943571,-0.110432722,296.6115789,1494.440918,25.10935974,,
,,Bogor,Jawa Barat,106.4448083,-6.655646998,1123,45.87791061,111.1665573,60,5155.392437,10,0.089170933,-0.088826261,-0.024612896,296.7966667,2169.93335,24.83080482,,
,,Bogor,Jawa Barat,107.1031346,-6.651633315,626,20.42124176,180,180,4048.156544,10,0.206323937,-0.169147208,-0.007334813,299.6526316,2169.93335,24.70723724,,
,,Bogor,Jawa Barat,106.4482403,-6.595123144,631,11.22623825,235.1864929,209,4803.484696,50,0.131597489,-0.115704924,-0.124072611,300.0885714,2169.93335,24.83080482,,
,,Bogor,Jawa Barat,106.5909317,-6.696310215,879,1.315951347,45.19610214,177,5200.701336,10,0.097371861,-0.091707401,-0.061372221,297.5444444,2169.933594,25.10935974,,
,,Bogor,Jawa Barat,107.0226505,-6.475574443,89,2.798112154,270,189,3944.766278,10,0.187908486,-0.150012001,-0.108049169,302.867,2169.933594,24.33442307,,
,,Bogor,Jawa Barat,106.9525441,-6.581628167,432,5.401615143,328.8688354,189,4091.938932,30,0.182985246,-0.143502489,-0.09965235,300.8790476,2169.933838,24.99391365,,
,,Bogor,Jawa Barat,106.4899197,-6.697482856,1410,13.91165829,11.38562202,172,5483.020934,10,0.049365059,-0.05876172,-0.010871161,294.8475,2169.933594,25.10935974,,
,,Bogor,Jawa Barat,106.4877939,-6.746501525,1432,24.14187241,226.667572,234,5290.105481,10,0.054928027,-0.054597549,-0.118053846,294.0183333,646.3877563,25.10935974,,
,,Bogor,Jawa Barat,106.7607549,-6.517600412,148,0.927409947,180,180,5124.675342,10,0.136685669,-0.102845304,-0.211165994,306.1647059,2169.933594,24.40625763,,
,,Bogor,Jawa Barat,107.0379141,-6.49628893,226,14.23596954,26.71295738,160,3944.766278,10,0.221572876,-0.177755341,-0.340774298,302.64,2169.933838,24.33442307,,
,,Bogor,Jawa Barat,107.2107779,-6.617721108,506,41.40813828,281.6491394,255,4293.915337,10,0.215938717,-0.186734349,-0.282410175,299.4568,1420.762939,24.56854439,,
,,Bogor,Jawa Barat,106.9348289,-6.572006716,408,9.649780273,73.4044342,151,4307.002588,30,0.162786961,-0.143581599,-0.243607849,299.5768,2169.93335,24.99391365,,
,,Bogor,Jawa Barat,106.6263198,-6.548382372,174,7.035207748,203.3346863,189,4875.822246,10,0.194277063,-0.157879815,-0.267735258,301.0488,2169.933594,24.28586388,,
,,Bogor,Jawa Barat,107.163,-6.635407964,342,19.77205086,352.1831055,189,4167.567222,10,0.27081883,-0.20129256,-0.212454051,301.0495652,2169.933838,24.56854439,,
,,Bogor,Jawa Barat,107.0089473,-6.604534334,664,15.70889664,99.94289398,132,4463.908443,10,0.201090619,-0.165631428,-0.015950263,299.5173333,2169.93335,24.99391365,,
,,Bogor,Jawa Barat,106.5087634,-6.551811606,286,13.9248209,66.93702698,140,4717.90058,10,0.21213758,-0.17794247,-0.229328007,300.5104762,2169.933594,24.37637138,,
,,Bogor,Jawa Barat,107.0020233,-6.631783683,972,8.340072632,6.382547855,177,4463.908443,10,0.080044731,-0.082347244,-0.023265995,298.67375,2169.933594,24.99391365,,
,,Bogor,Jawa Barat,106.5959209,-6.427580706,73,5.41713047,239.1953888,195,4183.812368,10,0.205089927,-0.158397198,-0.262425154,302.962,2169.933594,23.93191147,,
,,Bogor,Jawa Barat,106.9126229,-6.628204006,747,17.87734604,49.27570343,138,4462.325247,10,0.119410217,-0.088541597,-0.007996961,300.21875,2169.933594,24.99391365,,
,,Bogor,Jawa Barat,106.7607667,-6.486444228,138,2.629956007,134.8160248,174,4833.878882,60,0.172196224,-0.146985248,-0.106560424,305.3355556,2169.933594,24.40625763,,
,,Bogor,Jawa Barat,106.9456257,-6.648446458,997,20.07923317,237.8986359,233,4462.325247,10,0.080648541,-0.079547711,-0.091597989,296.2693333,2169.933594,24.99391365,,
,,Bogor,Jawa Barat,106.6417087,-6.669653719,528,3.820010662,14.12806797,177,5168.976742,60,0.129268348,-0.108771704,-0.080733538,299.8961905,2169.933838,25.1151371,,
,,Bogor,Jawa Barat,106.4759412,-6.689606784,1531,16.93652344,25.35225677,158,5483.020934,10,0.045271035,-0.054701321,-0.013396807,295.0323077,2169.933594,25.10935974,,
,,Bogor,Jawa Barat,106.9239613,-6.7283237,1089,30.74354553,260.6016846,255,4639.923124,10,0.050781772,-0.054050349,-0.013017215,296.9371429,2169.933838,24.85513115,,
,,Bogor,Jawa Barat,106.5322685,-6.429071305,83,3.819901228,194.1215363,183,4176.140424,10,0.194948047,-0.151659802,-0.232940406,301.684,2169.933594,23.74265099,,
,,Bogor,Jawa Barat,106.8642957,-6.621134768,338,7.035367966,336.662262,189,4717.314474,10,0.198542342,-0.159096897,-0.130234137,302.704,2169.933594,24.52278519,,
,,Bogor,Jawa Barat,106.6144637,-6.460919225,353,24.48936462,304.6535645,242,4696.554251,10,0.183415845,-0.140046388,-0.19661893,301.3944444,2169.933594,23.93191147,,
,,Bogor,Jawa Barat,106.9813445,-6.672810931,1435,18.91373062,267.2921448,239,4281.540199,30,0.087568648,-0.07752768,-0.077342905,295.93875,2169.933594,24.85513115,,
,,Bogor,Jawa Barat,106.7012428,-6.725843728,1325,26.42454529,340.8521118,207,5461.778192,10,0.042617615,-0.051978454,0.00510383,295.238,1901.123901,25.1151371,,
,,Bogor,Jawa Barat,106.9584895,-6.592148395,568,22.97657585,272.1880493,251,4091.938932,10,0.131354675,-0.104739852,-0.04871498,299.2811111,2169.933594,24.99391365,,
,,Bogor,Jawa Barat,106.4854276,-6.735694047,1633,33.17140961,209.9161377,230,5290.105481,10,0.064577058,-0.062403552,-0.006472081,293.6872727,1690.635742,25.10935974,,
,,Bogor,Jawa Barat,106.543581,-6.667271597,581,29.17035103,25.97374916,142,5337.203586,10,0.153499722,-0.123946041,-0.141582251,298.2457143,2169.933594,25.10935974,,
,,Bogor,Jawa Barat,106.5752895,-6.42356652,127,6.550412178,314.8195801,195,4183.812368,10,0.094420925,-0.056743186,-0.123348966,301.1952,2169.933594,23.74265099,,
,,Bogor,Jawa Barat,107.124924,-6.578273575,123,9.133995056,314.8107605,201,3692.397027,40,0.182434857,-0.153549314,-0.091518492,302.0475,2169.933838,24.70723724,,
,,Bogor,Jawa Barat,107.1974399,-6.639639785,498,13.26895714,343.9524536,192,4167.567222,10,0.216312155,-0.179017156,-0.266584322,300.177037,1718.96814,24.56854439,,
,,Bogor,Jawa Barat,107.1095477,-6.553901229,226,17.39976883,98.91493225,127,3692.397027,10,0.320855498,-0.260151416,-0.118377835,301.9763636,2169.933594,24.33442307,,
,,Bogor,Jawa Barat,106.562075,-6.714714003,1108,12.09847355,98.68708801,143,5028.295107,10,0.110182941,-0.101803988,0.040997185,296.641,2169.933838,25.10935974,,
,,Bogor,Jawa Barat,106.715384,-6.640468894,469,5.941934109,308.4718323,195,5427.47884,10,0.186401904,-0.147824705,-0.151576787,301.761,2169.933838,24.59807205,,
,,Bogor,Jawa Barat,106.4501423,-6.704597164,1805,12.33164692,311.7917786,209,5290.105481,10,0.045002952,-0.051476616,0.008597761,293.302,2169.93335,25.04014015,,
,,Bogor,Jawa Barat,106.4549592,-6.677851275,1361,13.34320354,74.15733337,140,5483.020934,10,0.080851071,-0.073559217,0.008210793,295.3388235,2169.933594,25.10935974,,
,,Bogor,Jawa Barat,106.6254463,-6.565426321,202,2.075769663,333.283844,183,5065.836217,10,0.190562651,-0.153272212,-0.146320209,302.3536,2169.933838,24.59807205,,
,,Bogor,Jawa Barat,106.7278868,-6.538807865,157,13.54054165,160.2274475,166,5703.288543,10,0.181183651,-0.140843034,-0.129364654,304.4011765,2169.933594,24.28586388,,
,,Bogor,Jawa Barat,106.9513521,-6.393791714,51,4.161315918,63.5776825,169,3003.447545,10,0.092987515,-0.089135453,-0.079857312,307.4866667,2169.93335,23.97134209,,
,,Bogor,Jawa Barat,107.1377185,-6.509860149,74,14.38570786,145.1311951,155,3559.733643,10,0.274968565,-0.237502605,-0.261654913,303.5443478,2169.933594,24.33442307,,
,,Bogor,Jawa Barat,107.0854173,-6.468983155,88,1.315648079,225.1829834,183,3705.601015,40,0.105156653,-0.089453176,-0.109588526,303.8,2169.933594,24.33442307,,
,,Bogor,Jawa Barat,106.4898017,-6.592814393,594,14.24397945,50.38127136,146,4954.823897,10,0.148655087,-0.136643082,-0.097643271,299.872,2169.93335,24.68156052,,
,,Bogor,Jawa Barat,107.1066843,-6.607059801,235,7.067413807,66.93932343,160,3892.560365,10,0.256877184,-0.203775778,-0.173262119,302.2072727,2169.933594,24.70723724,,
,,Bogor,Jawa Barat,107.1110052,-6.516046237,117,0.933438897,270,183,3559.733643,40,0.123080797,-0.098301597,-0.104079701,303.0356522,2169.93335,24.33442307,,
,,Bogor,Jawa Barat,106.9926093,-6.458867523,75,1.854334116,0,180,3874.840687,40,0.120027505,-0.094436564,-0.17832128,303.7858824,2169.933838,23.97134209,,
,,Bogor,Jawa Barat,106.5588747,-6.62595049,651,28.43379784,285.6088257,255,5135.607489,10,0.142985076,-0.113656163,-0.091367185,299.5533333,2169.933594,24.68156052,,
,,Bogor,Jawa Barat,106.4356087,-6.689956561,1351,13.05304718,12.17520905,172,5155.392437,10,0.074129999,-0.072417907,-5.57E-04,294.6928571,2169.933594,25.04014015,,
,,Bogor,Jawa Barat,106.6786833,-6.512461597,93,13.60593128,109.536644,140,5034.142324,10,0.206945658,-0.176744595,-0.261890173,302.4247619,2169.93335,24.28586388,,
,,Bogor,Jawa Barat,106.7643856,-6.601024081,233,0,0,180,5824.370522,50,0.069157451,-0.062385641,-0.037940927,307.1093333,2169.93335,24.52278519,,
,,Bogor,Jawa Barat,106.7484076,-6.532919232,165,1.315732121,134.813385,177,5703.288543,50,0.092061542,-0.08228343,-0.036182322,305.16,2169.933594,24.40625763,,
,,Bogor,Jawa Barat,107.1364264,-6.622410436,177,7.234004498,50.38294601,163,3892.560365,10,0.293116152,-0.233162493,-0.199965984,302.432,2169.933594,24.70723724,,
,,Bogor,Jawa Barat,106.7389894,-6.692852935,1509,42.63235855,125.4699707,81,5708.007169,10,0.032654405,-0.04346104,-0.004316729,293.755,2169.933594,24.85558319,,
,,Bogor,Jawa Barat,106.8493119,-6.716993093,503,7.234825611,230.388382,198,4610.852992,10,0.1652648,-0.137018904,-0.093568489,302.2144444,2169.933594,24.85558319,,
,,Bogor,Jawa Barat,106.4993318,-6.712106882,1484,11.89579964,157.2398987,166,5290.105481,10,0.058401052,-0.061246853,-0.023274343,294.076,2169.933594,25.10935974,,
,,Bogor,Jawa Barat,106.4499269,-6.641364623,855,15.80230713,156.2286377,161,5100.245594,10,0.126734078,-0.116601922,-0.113200814,298.494,2169.933838,24.83080482,,
,,Bogor,Jawa Barat,107.042377,-6.632154293,741,18.06698608,333.2807617,205,4463.908443,10,0.110695533,-0.099658459,-0.099560879,298.7893333,2169.933594,24.70723724,,
,,Bogor,Jawa Barat,106.5413972,-6.598142529,285,1.315818906,225.1903687,183,4717.90058,80,0.132809803,-0.09449558,0.044954509,301.2685714,2169.93335,24.68156052,,
,,Bogor,Jawa Barat,107.0317509,-6.492344201,194,7.880733967,339.3224792,189,3944.766278,10,0.205782428,-0.163470015,-0.191209182,302.6978947,2169.93335,24.33442307,,
,,Bogor,Jawa Barat,107.2087124,-6.629814769,421,22.11152267,331.2276306,213,4293.915337,10,0.266009837,-0.213605285,-0.227715015,299.8573913,673.958252,24.56854439,,
,,Bogor,Jawa Barat,106.9155174,-6.464602115,114,2.932303429,161.4551239,177,3902.867429,50,0.14070949,-0.113837488,-0.076277375,305.7633333,2169.933838,23.97134209,,
,,Bogor,Jawa Barat,106.5799768,-6.50318764,511,6.724499226,196.0433655,186,4811.533836,10,0.154522613,-0.136005178,-0.137763783,298.6322222,2169.93335,24.37637138,,
,,Bogor,Jawa Barat,107.1479007,-6.655500534,267,21.06440353,337.6148682,205,4048.156544,10,0.265091836,-0.211940601,-0.276586294,301.065,2169.93335,24.70723724,,
,,Bogor,Jawa Barat,106.642696,-6.51399603,125,2.932332277,198.5465546,183,4875.822246,10,0.142958611,-0.113734894,-0.137105972,301.4113043,2169.933594,24.28586388,,
,,Bogor,Jawa Barat,106.9233448,-6.404681575,82,2.07563591,153.2911987,177,3390.891127,10,0.121813737,-0.090177491,-0.147929855,305.536,7709.429688,23.97134209,,
,,Bogor,Jawa Barat,106.9680984,-6.526256076,417,6.571310997,261.921875,201,3702.62091,10,0.19317697,-0.153887406,-0.201231644,299.98,2169.933838,24.44981956,,
,,Bogor,Jawa Barat,106.4759347,-6.734141005,1613,9.257922173,90,151,5290.105481,10,0.035927165,-0.048853248,-0.023811195,293.86,468.7270203,25.10935974,,
,,Bogor,Jawa Barat,106.9424309,-6.583715565,374,31.65969658,13.75862885,158,4307.002588,10,0.176676109,-0.154382646,-0.17366226,300.7431579,2169.933838,24.99391365,,
,,Bogor,Jawa Barat,107.0260905,-6.597587487,450,11.48298359,28.77078056,163,4174.501218,40,0.145733267,-0.133810267,-0.073663756,301.3075,2169.933594,24.70723724,,
,,Bogor,Jawa Barat,106.4790285,-6.704381098,1480,23.8169632,143.7854156,137,5290.105481,10,0.048720315,-0.061330687,-0.007613055,294.2,2169.93335,25.10935974,,
,,Bogor,Jawa Barat,106.62864,-6.593675212,273,7.606289864,345.8740234,186,5065.836217,10,0.183675081,-0.138214305,-0.193596035,301.3965217,2169.93335,24.59807205,,
,,Bogor,Jawa Barat,107.0500239,-6.596688692,635,19.72298241,270,241,4174.501218,10,0.165158793,-0.1348048,-0.281381235,299.4188889,2169.933594,24.70723724,,
,,Bogor,Jawa Barat,107.0997387,-6.462358543,97,6.505849361,90,160,3705.601015,10,0.222686082,-0.173069835,-0.192905903,303.5263636,2169.933838,23.69943047,,
,,Bogor,Jawa Barat,106.4883505,-6.655012868,813,10.52191162,74.84292603,149,5483.020934,10,0.141568303,-0.118894063,-0.100811958,298.92,2169.93335,24.68156052,,
,,Bogor,Jawa Barat,106.8822492,-6.518300291,182,4.162133217,296.4167175,192,4368.204619,10,0.165643141,-0.134521097,-0.131632045,303.9978947,2169.933594,24.44981956,,
,,Bogor,Jawa Barat,106.6736522,-6.43382349,95,2.07565999,333.2898865,183,4132.018557,10,0.168939605,-0.136274412,-0.262581035,303.8117647,2169.933594,23.93191147,,
,,Bogor,Jawa Barat,106.6958616,-6.61565559,351,2.630298138,45.19138718,174,5074.582198,10,0.164851829,-0.129690856,-0.155818567,303.19,2169.933594,24.59807205,,
,,Bogor,Jawa Barat,106.6034261,-6.595808215,313,9.240818977,5.748388767,177,5065.836217,10,0.224419817,-0.177248001,-0.146002427,300.8961905,2169.933594,24.59807205,,
,,Bogor,Jawa Barat,106.4666243,-6.51601261,181,4.747967243,258.761261,195,4737.695574,10,0.187696785,-0.159740239,-0.266731977,301.3375,2169.933594,24.37637138,,
,,Bogor,Jawa Barat,107.0250064,-6.634112425,755,19.33714867,326.1320496,214,4463.908443,10,0.111341454,-0.093059607,-0.061353274,299.0458824,2169.933838,24.70723724,,
,,Bogor,Jawa Barat,107.0569668,-6.527932939,306,18.23534584,278.4762573,236,3766.006825,10,0.199603721,-0.16625005,-0.143600926,302.0929412,2169.933594,24.33442307,,
,,Bogor,Jawa Barat,106.4870569,-6.67866942,1141,27.56282234,334.0776062,217,5483.020934,10,0.103306875,-0.092778534,-0.012594856,296.2242857,2169.933594,25.10935974,,
,,Bogor,Jawa Barat,106.6260257,-6.421193171,73,5.657899857,279.4040222,198,4032.633805,60,0.07361345,-0.036867652,-0.077609643,302.7811111,2169.933594,23.93191147,,
,,Bogor,Jawa Barat,106.6235529,-6.362778188,54,2.083303928,116.4237061,174,3466.906836,10,0.116010934,-0.0906078,-0.152912825,304.0273684,5204.139648,23.5512085,,
,,Bogor,Jawa Barat,106.948821,-6.728716877,1342,27.95031166,252.2366791,255,4639.923124,10,0.05037168,-0.050099421,-0.01290236,295.77,2169.933594,24.85513115,,
,,Bogor,Jawa Barat,106.8655705,-6.606681449,293,6.762402058,254.1551514,201,4717.314474,10,0.211678773,-0.171619549,-0.140328109,302.8093333,2169.93335,24.52278519,,
,,Bogor,Jawa Barat,106.5632484,-6.612846352,844,24.32089043,307.5093689,239,5135.607489,10,0.115917876,-0.101438224,-0.051660448,298.9842105,2169.933594,24.68156052,,
,,Bogor,Jawa Barat,106.4164173,-6.487904079,124,2.932317019,18.54566383,177,4385.346212,10,0.25516519,-0.208288863,-0.192914456,300.7883333,2169.933594,24.20027351,,
,,Bogor,Jawa Barat,106.7019022,-6.670073909,690,10.79190731,250.1415405,212,5708.007169,30,0.142912328,-0.11349009,-0.054393888,299.9894737,2169.933594,25.1151371,,
,,Bogor,Jawa Barat,106.5061998,-6.360072889,54,1.854334116,180,180,3668.18868,40,0.117587961,-0.107400045,-0.127418883,302.9454545,2169.933594,23.15823936,,
,,Bogor,Jawa Barat,106.5506059,-6.563782094,329,7.483408451,97.07878876,157,5091.43078,10,0.288728088,-0.216297477,-0.11606741,300.9382609,2169.933838,24.68156052,,
,,Bogor,Jawa Barat,106.4562013,-6.601154843,663,10.49991417,52.30957031,154,5171.911108,10,0.152737811,-0.122915238,-0.181806549,299.279,2169.93335,24.68156052,,
,,Bogor,Jawa Barat,106.490774,-6.587778765,581,21.38275337,253.1779175,243,4954.823897,10,0.169832051,-0.144786358,-0.201596528,299.9017391,2169.933594,24.68156052,,
,,Bogor,Jawa Barat,107.1091162,-6.63925832,460,14.76609516,349.3103027,189,3892.560365,10,0.243553489,-0.191686422,-0.098846525,300.97,2169.933838,24.70723724,,
,,Bogor,Jawa Barat,107.0527383,-6.511053636,155,2.083791733,116.417038,174,3766.006825,40,0.176061749,-0.130300954,-0.042954221,303.0355556,2169.933594,24.33442307,,
,,Bogor,Jawa Barat,106.6377779,-6.555213246,160,5.659357071,99.40156555,163,5065.836217,10,0.160894722,-0.141817033,-0.116638333,301.975,2169.933594,24.28586388,,
,,Bogor,Jawa Barat,107.1462886,-6.486802533,65,0.93338424,270,183,3624.557324,40,0.130107969,-0.111294091,-0.097776249,303.653913,2169.933594,24.33442307,,
,,Bogor,Jawa Barat,106.4200059,-6.52917513,201,19.37193871,103.3087387,122,4523.910728,10,0.215859562,-0.173867181,-0.301968843,300.4336,2169.933838,24.20027351,,
,,Bogor,Jawa Barat,106.8492029,-6.471193779,124,1.866215825,90,174,4371.571662,50,0.054474857,-0.037055451,-0.044125717,308.7955556,2169.933594,24.40625763,,
,,Bogor,Jawa Barat,106.458312,-6.57866652,753,13.90386295,148.2232971,157,4954.823897,30,0.155091777,-0.124868669,-0.115178481,299.425,2169.933838,24.68156052,,
,,Bogor,Jawa Barat,106.494568,-6.68808731,1201,18.01332664,53.31771469,136,5483.020934,10,0.063237853,-0.060131513,-0.044094481,295.3811765,2169.933594,25.10935974,,
,,Bogor,Jawa Barat,106.8886287,-6.67991818,656,3.347352266,326.1295776,186,4458.884037,10,0.166590706,-0.143696412,-0.135756508,303.2342857,2169.933594,24.85513115,,
,,Bogor,Jawa Barat,106.4756578,-6.582601397,562,14.24381638,50.38070297,146,4954.823897,30,0.176469713,-0.144113734,-0.152461559,299.3445455,2169.933838,24.68156052,,
,,Bogor,Jawa Barat,106.7609025,-6.708658589,1382,19.01293755,45.19682312,139,5224.574828,10,0.057795033,-0.065941282,0.001504477,294.84,2169.933838,24.85558319,,
,,Bogor,Jawa Barat,106.6968352,-6.501355858,115,3.355275154,236.4803314,189,5034.142324,10,0.191632584,-0.137522712,-0.183104739,303.0838095,2169.93335,24.28586388,,
,,Bogor,Jawa Barat,107.0102377,-6.589880616,502,13.765975,352.3554382,186,4174.501218,10,0.200408414,-0.156253427,-0.081870839,301.6075,2169.933838,24.99391365,,
,,Bogor,Jawa Barat,106.5539358,-6.490764438,415,23.02401352,316.3641663,229,4871.404463,10,0.162405461,-0.117867522,-0.018737942,299.507,2169.933838,24.37637138,,
,,Bogor,Jawa Barat,106.9881463,-6.497825327,280,30.00608063,57.81923294,104,3874.840687,10,0.208756343,-0.171248361,-0.193958595,300.5288,2169.933838,24.44981956,,
,,Bogor,Jawa Barat,106.7851812,-6.674867802,576,3.942227602,45.19483566,172,5889.075563,10,0.15764831,-0.12605083,-0.055856764,301.5028571,2169.933594,24.85558319,,
,,Bogor,Jawa Barat,106.73041,-6.43817041,108,3.728239775,270,192,4193.82342,10,0.151066571,-0.116471,-0.226973474,306.10375,2169.933594,23.93191147,,
,,Bogor,Jawa Barat,106.5831898,-6.386337833,143,15.45012093,319.5877075,211,3650.093265,10,0.233409375,-0.195881546,-0.27951023,302.357,2169.933838,23.74265099,,
,,Bogor,Jawa Barat,106.975928,-6.744248707,1805,17.93964005,0,180,4388.019289,10,0.054391515,-0.054439403,-0.010139477,292.3218182,963.7020874,24.85513115,,
,,Bogor,Jawa Barat,106.4711638,-6.560432752,863,26.45150375,231.8155518,243,4954.823897,10,0.122963987,-0.10355448,-0.016280673,298.592381,2169.933594,24.37637138,,
,,Bogor,Jawa Barat,107.0448101,-6.414058031,64,2.947013617,251.672699,189,3560.387192,10,0.165732473,-0.139437824,-0.204662651,304.2344444,2169.933594,23.69943047,,
,,Bogor,Jawa Barat,106.4845701,-6.511186221,154,8.511433601,319.2153931,198,4737.695574,10,0.208070964,-0.143837407,-0.219982237,301.3956522,2169.93335,24.37637138,,
,,Bogor,Jawa Barat,106.7571356,-6.607950497,252,0.933611214,90,177,5824.370522,50,0.127026901,-0.105143435,-0.030177519,305.06375,2169.933594,24.52278519,,
,,Bogor,Jawa Barat,107.0688301,-6.602415015,470,7.483971119,82.92175293,157,4378.963025,10,0.223641112,-0.175357714,-0.033765897,300.4122222,2169.933594,24.70723724,,
,,Bogor,Jawa Barat,106.443941,-6.5131877,148,15.07675076,294.8750305,223,4523.910728,10,0.218275711,-0.177008808,-0.205152407,300.6515385,2169.933838,24.20027351,,
,,Bogor,Jawa Barat,106.9815149,-6.412868748,76,1.866001487,270,186,3336.32413,10,0.166645199,-0.131595477,-0.137776494,306.4746667,2169.933594,23.97134209,,
,,Bogor,Jawa Barat,106.728959,-6.661684933,679,8.699212074,327.8199158,195,5708.007169,10,0.098815493,-0.071310446,-0.043654896,300.44,2169.933594,25.1151371,,
,,Bogor,Jawa Barat,106.5474931,-6.654908403,521,16.66491318,319.2072144,214,5337.203586,10,0.198670894,-0.164164215,-0.175659418,299.1716667,2169.93335,24.68156052,,
,,Bogor,Jawa Barat,107.0666558,-6.494323683,123,2.07570982,333.2871399,183,3705.601015,40,0.119050026,-0.107372813,-0.057661563,303.4989474,2169.933838,24.33442307,,
,,Bogor,Jawa Barat,106.7157729,-6.408002488,83,3.941172123,134.8204498,172,4193.82342,10,0.109614894,-0.093688883,-0.101500511,305.9138462,2169.933594,23.93191147,,
,,Bogor,Jawa Barat,106.4529003,-6.72374217,1621,36.2855835,22.17408562,140,5290.105481,10,0.045769971,-0.055581629,-0.011684347,292.2646154,472.5152588,25.04014015,,
,,Bogor,Jawa Barat,106.5506872,-6.623942536,363,4.647206306,306.6858826,192,5135.607489,30,0.116164982,-0.103782356,-0.102407604,300.2245455,2169.93335,24.68156052,,
,,Bogor,Jawa Barat,106.5569106,-6.577312302,263,4.638379097,37.05167007,172,5091.43078,10,0.178759247,-0.136021107,-0.205711037,301.6391304,2169.933838,24.68156052,,
,,Bogor,Jawa Barat,106.8078314,-6.741395038,496,0.933865428,270,183,4610.852992,50,0.154511482,-0.127568319,-0.034355342,302.986,2169.93335,24.85558319,,
,,Bogor,Jawa Barat,106.598817,-6.543130708,329,13.60664845,109.5355301,140,4811.533836,10,0.193632007,-0.159115493,-0.071039349,300.6808,2169.933838,24.28586388,,
,,Bogor,Jawa Barat,106.9278511,-6.673500589,802,0.927409947,0,180,4096.724369,50,0.090328917,-0.077884309,-0.092903972,302.3133333,2169.933594,24.85513115,,
,,Bogor,Jawa Barat,106.5221849,-6.622280815,590,11.07963848,24.58876228,166,5029.259747,10,0.237222537,-0.18510294,-0.03251113,299.7481818,2169.93335,24.68156052,,
,,Bogor,Jawa Barat,106.7518964,-6.665103065,695,5.933342457,321.1505127,192,5889.075563,10,0.131901979,-0.115251414,0.009812489,300.33625,2169.933594,24.85558319,,
,,Bogor,Jawa Barat,106.4842801,-6.598253844,610,12.26192951,77.08856201,143,4954.823897,30,0.149252415,-0.124396667,-0.11143136,300.058,2169.93335,24.68156052,,
,,Bogor,Jawa Barat,106.9926615,-6.646789182,1408,14.95364094,14.12743855,169,4318.325364,10,0.052547332,-0.051631946,-0.031436961,294.8018182,2169.933594,24.99391365,,
,,Bogor,Jawa Barat,106.6288642,-6.451952151,252,33.29653549,33.07149506,126,4696.554251,10,0.242836669,-0.188553751,-0.244007394,301.981,2169.933594,23.93191147,,
,,Bogor,Jawa Barat,106.7061925,-6.704987297,1267,8.725226402,238.1710815,204,5461.778192,10,0.044596165,-0.046081774,-0.012683529,295.695,2169.93335,25.1151371,,
,,Bogor,Jawa Barat,106.7714305,-6.626792183,334,5.547544956,0,180,5824.370522,30,0.181505159,-0.148319766,-0.05950065,303.4533333,2169.933594,24.52278519,,
,,Bogor,Jawa Barat,106.7256257,-6.54084167,157,9.240808487,5.747757435,177,5703.288543,10,0.205693856,-0.166381627,-0.101005599,304.0329412,2169.933594,24.28586388,,
,,Bogor,Jawa Barat,106.5226713,-6.3669729,47,6.686475277,236.4733429,198,3668.18868,10,0.154247642,-0.125775337,-0.254952163,302.6304762,2169.933594,23.15823936,,
,,Bogor,Jawa Barat,106.4922741,-6.509245338,174,4.657261372,270,195,4737.695574,10,0.208276987,-0.157552853,-0.209372163,300.9775,2169.933594,24.37637138,,
,,Bogor,Jawa Barat,107.1594561,-6.500172352,46,4.747823715,101.2390823,166,3699.667862,40,0.18917419,-0.159716025,-0.106691435,303.4572727,1985.609253,23.8161602,,
,,Bogor,Jawa Barat,106.9403312,-6.639575617,1198,29.40012169,198.5509338,208,4462.325247,10,0.071179941,-0.060267713,-0.006599098,297.1030769,2169.933838,24.99391365,,
,,Bogor,Jawa Barat,106.9662051,-6.526939507,392,10.31104565,243.5836792,209,3702.62091,10,0.185589164,-0.132162169,-0.143682361,299.98,2169.934082,24.44981956,,
,,Bogor,Jawa Barat,107.0757172,-6.58602859,493,4.162583351,63.58638382,169,4068.046482,10,0.210546821,-0.170014739,-0.092003524,300.7247619,2169.933594,24.70723724,,
,,Bogor,Jawa Barat,106.7217622,-6.568027418,185,3.941800117,314.8113708,189,5483.161243,10,0.196775436,-0.16076304,-0.174908459,305.5216667,2169.933594,24.59807205,,
,,Bogor,Jawa Barat,106.6598371,-6.365006243,56,3.819872856,165.8801727,177,3511.595007,10,0.190597534,-0.151289254,-0.265055001,302.9822222,4222.591797,23.5512085,,
,,Bogor,Jawa Barat,107.0352681,-6.479206061,86,4.986504078,338.0717163,186,3944.766278,50,0.136080012,-0.102646716,-0.088536978,303.9322222,2169.933594,24.33442307,,
,,Bogor,Jawa Barat,106.6456656,-6.546267115,170,11.57939053,198.5476837,192,4875.822246,10,0.165461212,-0.138807222,-0.226979971,302.3895652,2169.933594,24.28586388,,
,,Bogor,Jawa Barat,106.9034196,-6.610331129,504,9.976809502,56.48610306,154,4462.325247,10,0.161863327,-0.136617333,-0.065095663,301.356,2169.933594,24.99391365,,
,,Bogor,Jawa Barat,106.8302992,-6.525778419,165,2.075736284,26.71431923,177,4388.438897,10,0.125262022,-0.100000672,-0.117630437,306.905,2169.933594,24.40625763,,
,,Bogor,Jawa Barat,106.7149863,-6.531829225,142,2.083860159,116.4160995,174,5703.288543,40,0.19092463,-0.154699206,-0.107825384,303.8033333,2169.933838,24.28586388,,
,,Bogor,Jawa Barat,106.6908832,-6.410348571,85,2.083459854,116.4215698,174,4132.018557,10,0.148992687,-0.116693258,-0.257696897,304.1375,2169.933594,23.93191147,,
,,Bogor,Jawa Barat,106.4976473,-6.694086015,1318,8.521533012,130.4077454,160,5483.020934,10,0.058861751,-0.055305608,-0.055107642,294.7988235,2169.93335,25.10935974,,
,,Bogor,Jawa Barat,106.5757205,-6.537681644,524,9.951313972,146.1371918,163,4811.533836,10,0.13382709,-0.110932693,-0.074482203,299.372381,2169.93335,24.37637138,,
,,Bogor,Jawa Barat,106.5404568,-6.602084333,293,3.347187757,326.1337585,186,5029.259747,80,0.160830513,-0.125135511,-0.036401719,301.2133333,2169.933594,24.68156052,,
,,Bogor,Jawa Barat,106.4628645,-6.52981064,367,19.37195778,283.3087158,239,4737.695574,10,0.173327431,-0.140630826,-0.111445382,300.68,2169.933838,24.37637138,,
,,Bogor,Jawa Barat,106.442058,-6.456305792,74,10.73665524,20.1004715,169,4385.346212,10,0.193404362,-0.160261869,-0.228268191,301.9512,2169.933594,24.01166916,,
,,Bogor,Jawa Barat,106.888647,-6.46328712,107,14.69648838,119.5877609,141,4148.791003,10,0.113055944,-0.081847027,0.084579227,306.7905882,2169.933594,23.97134209,,
,,Bogor,Jawa Barat,106.970011,-6.328902956,39,8.537269592,102.4548416,154,2793.477761,50,0.092328027,-0.074360102,-0.064317137,308.83,2169.933594,23.07715797,,
,,Bogor,Jawa Barat,107.0956572,-6.495168305,191,5.624557972,9.522330284,177,3705.601015,10,0.222984895,-0.176697075,-0.263094619,302.4866667,2169.933838,24.33442307,,
,,Bogor,Jawa Barat,106.5928206,-6.611277096,589,15.19064045,17.46315193,166,5135.607489,10,0.185699016,-0.15234983,-0.079585403,299.71,2169.933594,24.68156052,,
,,Bogor,Jawa Barat,106.8179388,-6.767702555,607,7.436440945,352.8255005,183,4253.270838,10,0.195374221,-0.16274488,-0.085502267,302.02,633.6908569,24.61726952,,
,,Bogor,Jawa Barat,106.6457631,-6.635629008,402,7.606328011,345.8728638,186,5098.35746,40,0.176307425,-0.14609167,-0.174960032,301.2321739,2169.933838,24.59807205,,
,,Bogor,Jawa Barat,106.4267314,-6.46195515,89,8.539357185,282.4516907,206,4385.346212,10,0.197407931,-0.158304602,-0.231082886,301.7936,2169.933594,24.01166916,,
,,Bogor,Jawa Barat,106.9897757,-6.567669069,384,7.066943169,113.0623169,160,4091.938932,10,0.258075684,-0.202205718,-0.272310644,300.907,2169.933594,24.99391365,,
,,Bogor,Jawa Barat,106.5962354,-6.502273744,516,13.86426449,156.6672211,163,4811.533836,10,0.163272783,-0.128164351,-0.081006095,299.274,2169.93335,24.28586388,,
,,Bogor,Jawa Barat,106.5455073,-6.415553347,73,2.075644732,206.7092896,183,4176.140424,10,0.215966269,-0.168313399,-0.1781234,301.8656,2169.933594,23.74265099,,
,,Bogor,Jawa Barat,106.7638484,-6.624662711,327,2.075819731,26.71889687,177,5824.370522,10,0.149930164,-0.113422096,-0.034079656,304.08,2169.93335,24.52278519,,
,,Bogor,Jawa Barat,107.1554521,-6.568319892,98,2.083982944,243.5855713,186,4073.813877,40,0.155152529,-0.128594205,-0.163449734,302.0675,2169.933594,24.70723724,,
,,Bogor,Jawa Barat,106.464185,-6.359175488,72,2.075598717,26.70676231,177,3632.70703,10,0.18378225,-0.146595255,-0.123347789,302.489,2169.933838,23.15823936,,
,,Bogor,Jawa Barat,106.768828,-6.673277257,707,22.60398483,346.4156189,197,5889.075563,10,0.164927229,-0.132552966,0.056424357,300.0471429,2169.933838,24.85558319,,
,,Bogor,Jawa Barat,106.475305,-6.632071445,839,8.491051674,12.6105175,174,5171.911108,30,0.09828791,-0.090979382,-0.073387519,298.172,2169.933594,24.68156052,,
,,Bogor,Jawa Barat,106.9159858,-6.423182873,97,1.315588236,45.1803894,177,3390.891127,10,0.178684801,-0.130493909,-0.118390918,306.152,2178.852539,23.97134209,,
,,Bogor,Jawa Barat,107.1081569,-6.521868662,143,7.606225491,345.8759766,186,3559.733643,10,0.252965301,-0.190883115,-0.163805038,302.9165217,2169.933594,24.33442307,,
,,Bogor,Jawa Barat,106.9702676,-6.468080715,123,7.035032749,203.3313446,189,3874.840687,10,0.193048969,-0.140921429,-0.304617569,301.8190476,2169.933594,23.97134209,,
,,Bogor,Jawa Barat,106.4828746,-6.401698416,77,6.464860916,0,180,4006.162139,10,0.215902418,-0.175634071,-0.199737072,301.0912,2169.933594,23.74265099,,
,,Bogor,Jawa Barat,106.6238448,-6.493784323,380,27.40543556,165.4402313,159,4696.554251,10,0.14213115,-0.120513037,-0.219937801,300.2304762,2169.933594,24.28586388,,
,,Bogor,Jawa Barat,106.9028677,-6.723893693,988,8.725466728,238.1720734,204,4639.923124,10,0.150744662,-0.122384511,-0.044505998,297.974,2169.933594,24.85513115,,
,,Bogor,Jawa Barat,106.8193223,-6.7388776,499,3.942488194,45.1986084,172,4610.852992,50,0.075590007,-0.078134909,-0.035605498,303.1452632,2169.933594,24.85558319,,
,,Bogor,Jawa Barat,106.6641705,-6.588805878,261,1.315806746,314.8101501,183,5145.198772,60,0.149974421,-0.12502864,-0.078136846,304.67125,2169.933838,24.59807205,,
,,Bogor,Jawa Barat,106.8392646,-6.720590155,511,2.084499836,296.4073486,186,4610.852992,40,0.125313535,-0.106337957,-0.073428437,302.3411765,2169.933594,24.85558319,,
,,Bogor,Jawa Barat,107.0225808,-6.569823835,393,6.671549797,326.135498,192,4174.501218,10,0.297639519,-0.231022507,-0.085164309,300.9533333,2169.933594,24.70723724,,
,,Bogor,Jawa Barat,107.1129451,-6.605308692,174,7.650600433,76.05327606,157,3892.560365,10,0.286625385,-0.225158826,-0.118619531,302.5190476,2169.93335,24.70723724,,
,,Bogor,Jawa Barat,107.0234046,-6.516419157,245,9.790790558,41.37004089,160,4038.379764,10,0.266387075,-0.209177449,-0.173333436,301.081,2169.933594,24.33442307,,
,,Bogor,Jawa Barat,107.0570747,-6.541699048,413,5.659207821,99.40181732,163,3766.006825,40,0.263582557,-0.219923362,-0.161366493,301.2209524,2169.933594,24.33442307,,
,,Bogor,Jawa Barat,106.7326359,-6.428067141,93,1.315594673,134.8193359,177,4193.82342,10,0.14495188,-0.114485808,-0.205464095,307.4133333,2169.933594,23.93191147,,
,,Bogor,Jawa Barat,106.9329405,-6.415121463,77,1.315577745,134.8200684,177,3390.891127,50,0.075034454,-0.054037597,-0.06639649,306.49875,2169.933594,23.97134209,,
,,Bogor,Jawa Barat,107.0374041,-6.409606827,53,4.645936012,126.6975937,169,3560.387192,80,0.038230177,-0.020729406,-0.039766613,304.2344444,2169.933594,23.69943047,,
,,Bogor,Jawa Barat,106.8394417,-6.679496466,507,5.849579811,341.4476624,186,5203.147095,10,0.159111679,-0.127924502,-0.103117973,301.8263158,2345.74292,24.85558319,,
,,Bogor,Jawa Barat,107.0438673,-6.65267063,784,25.28639412,157.6980743,151,4698.929005,10,0.102765933,-0.084579751,-0.185908958,298.8058824,2051.08374,24.70723724,,
,,Bogor,Jawa Barat,107.0079533,-6.553726133,273,11.06144905,318.1798706,203,4174.501218,10,0.242745712,-0.187157333,-0.093414471,301.454,2169.933594,24.44981956,,
,,Bogor,Jawa Barat,106.9875457,-6.604849952,1033,47.12047577,280.3919983,255,4318.325364,10,0.085092813,-0.073286407,0.005064465,298.3173333,2169.933594,24.99391365,,
,,Bogor,Jawa Barat,106.4989132,-6.520249312,157,5.00992918,291.6734924,195,4737.695574,50,0.083580986,-0.07769122,-0.046054751,301.0652174,2169.933594,24.37637138,,
,,Bogor,Jawa Barat,106.77267,-6.746692627,692,4.163675308,63.59387207,169,5224.574828,10,0.176878437,-0.144723341,-0.141313508,299.71,1636.026245,24.85558319,,
,,Bogor,Jawa Barat,107.0805046,-6.480690552,98,0.933373451,90,177,3705.601015,40,0.12906982,-0.101710297,-0.110621631,303.634,2169.933594,24.33442307,,
,,Bogor,Jawa Barat,106.5532461,-6.461228511,235,21.80875587,21.49479866,156,4871.404463,10,0.184001923,-0.147521123,-0.124231011,300.3807143,2169.933838,23.74265099,,
,,Bogor,Jawa Barat,106.695419,-6.365942315,71,0,0,180,3511.595007,10,0.104755417,-0.080946863,-0.146754906,307.3633333,2695.721924,23.5512085,,
,,Bogor,Jawa Barat,106.9540458,-6.571685589,402,12.44470406,36.20721817,157,4091.938932,10,0.192201778,-0.167417958,-0.067411914,301.63,2169.933594,24.99391365,,
