Urban Village/Village;Subdistrict;Regency_City;Province;Longitude;Latitude;Elevation;Slope;Aspect;HillShade;Rainfall;LandCover;NDVI;NDWI;NDVI_Change;LST;PopulationDensity;SoilMoisture;Prediction;GroundTruth
Cimande;Caringin;Bogor;Jawa Barat;106,8649080;-6,5159160;159;2,0838;29.641.680.908.203.100;186;4.368.204.618.692.390;50;0.1412682980298996;-0.10824039578437805;-0.14265261590480804;3.078.833.333.333.330;216.993.359.375;2.440.625.762.939.450;;
Leuwinutug;Citeureup;Bogor;Jawa Barat;10.692.817.648.874.800;-676.721.093.871.382;19343673;3.350.300.598.144.530;21.114.076.232.910.100;232;4.408.914.300.560.950;10;0.019762510433793068;-0.03282078728079796;0.001708589494228363;294.085;1.515.770.751.953.120;25.047.874.450.683.500;;
Singabraja;Tenjo;Bogor;Jawa Barat;10.645.256.588.026.200;-63.600.835.019.855.600;66;11.199.714.660.644.500;1.448.416.290.283.200;160;363.270.702.958.107;10;0.21017931401729584;-0.1865159124135971;-0.15729056298732758;3.017.547.368.421.050;216.993.359.375;23.284.212.112.426.700;;
Setu;Jasinga;Bogor;Jawa Barat;10.646.947.424.816.800;-6.463.268.716.834.630;113;62.054.009.437.561.000;15.328.854.370.117.100;172;4.313.905.397.891.990;10;0.19332751631736755;-0.16017962992191315;-0.3761894404888153;3.023.432;2.169.933.837.890.620;23.742.650.985.717.700;;
Cipelang;Cijeruk;Bogor;Jawa Barat;10.680.544.688.719.200;-6.696.409.034.204.290;475;20.844.168.663.024.900;2.435.915.069.580.070;186;5.203.147.094.845.770;10;0.2064163088798523;-0.16511359810829163;-0.2140837013721466;3.016.663.157.894.730;216.993.359.375;2.485.558.319.091.790;;
Pasireurih;Taman Sari;Bogor;Jawa Barat;10.676.285.141.318.100;-663.684.952.234.557;410;55.847.368.240.356.400;90.0;163;58.243.705.224.990.800;10;0.1880100965499878;-0.14516398310661316;-0.14641153812408447;30.312.470.588.235.200;216.993.359.375;24.522.785.186.767.500;;
Sukamaju;Cibungbulang;Bogor;Jawa Barat;10.665.881.554.510.000;-6.595.630.001.676.330;280;9.068.305.969.238.280;33.589.599.609.375;192;5.145.198.772.192.000;10;0.15489649772644043;-0.13444702327251434;-0.10022026300430298;302.98;2.169.933.349.609.370;24.598.072.052.001.900;;
Sukadamai;Dramaga;Bogor;Jawa Barat;10.673.503.452.592.900;-6.631.919.612.755.760;391;5.941.873.073.577.880;12.847.230.529.785.100;166;5.427.478.839.993.470;10;0.1923828274011612;-0.14756499230861664;-0.18966905772686005;3.022.741.176.470.580;216.993.359.375;24.598.072.052.001.900;;
Cigombong;Cirayut;Bogor;Jawa Barat;1.067.965.942.016.360;-6.716.069.144.202.280;539;39.423.952.102.661.100;45.197.261.810.302.700;172;5.224.574.828.028.670;10;0.18292756378650665;-0.15734125673770905;-0.16731099784374237;30.177.238.095.238.000;216.993.359.375;2.485.558.319.091.790;;
Cibinong;Nanggewer;Bogor;Jawa Barat;10.683.859.066.372.800;-6.508.371.231.935.510;149;4.638.148.307.800.290;3.229.521.179.199.210;189;4.388.438.896.775.240;50;0.04897477105259895;-0.04116348922252655;0.0015576072037220001;3.076.533.333.333.330;2.169.933.349.609.370;2.440.625.762.939.450;;
Babakan Madang;Babakan Madang;Bogor;Jawa Barat;10.686.946.841.618.600;-6.560.964.348.965.470;190;13.157.693.147.659.300;225.188.232.421.875;183;4.556.907.326.459.880;10;0.1911022663116455;-0.17556564509868622;-0.18964660167694092;30.498.133.333.333.300;2.169.933.837.890.620;2.440.625.762.939.450;;
Tanjung Sari;Cijeruk;Bogor;Jawa Barat;10.678.320.410.945.700;-6.681.738.263.198.660;620;59.334.211.349.487.300;3.885.044.479.370.110;169;5.889.075.563.192.360;10;0.15287502110004425;-0.1337856948375702;-0.08550737798213959;3.003.615.384.615.380;216.993.359.375;2.485.558.319.091.790;;
Sibanteng;Leuwisadeng;Bogor;Jawa Barat;10.660.580.039.991.000;-6.551.542.446.943.070;240;12.776.390.075.683.500;6.908.795.166.015.620;143;5.065.836.216.688.150;10;0.2122863084077835;-0.17851749062538147;-0.12141023576259613;3.010.832;216.993.359.375;24.285.863.876.342.700;;
Harapan Jaya;Cibinong;Bogor;Jawa Barat;10.682.920.752.187.600;-6.466.662.958.658.490;118;2.798.063.039.779.660;90.0;172;4.371.571.661.949.150;10;0.12270854413509369;-0.11039090901613235;-0.10266026854515076;30.713.866.666.666.600;216.993.359.375;24.146.255.493.164.000;;
Babakan;Tenjo;Bogor;Jawa Barat;1.064.617.923.531.440;-6.347.114.645.350.100;62;9.104.387.283.325.190;24.616.798.400.878.900;206;35.103.647.340.536.100;30;0.1471410095691681;-0.12561452388763428;-0.1661321520805359;3.030.075;2.169.933.837.890.620;23.158.239.364.624.000;;
Parakan Jaya;Kemang;Bogor;Jawa Barat;10.676.164.744.630.200;-6.524.335.986.967.260;158;3.355.381.965.637.200;3.035.184.631.347.650;189;5.124.675.341.665.740;50;0.07824317365884781;-0.06307928264141083;-0.0574684664607048;30.616.470.588.235.200;216.993.359.375;2.440.625.762.939.450;;
Cibunian;Pamijahan;Bogor;Jawa Barat;10.662.675.006.389.500;-6.678.691.251.663.360;538;9.977.749.824.523.920;30.351.025.390.625;206;5.168.976.742.267.600;10;0.22860175371170044;-0.19184814393520355;-0.12934479117393494;29.950.083.333.333.300;216.993.359.375;25.115.137.100.219.700;;
Dramaga;Dramaga;Bogor;Jawa Barat;1.067.371.188.141.260;-6.571.249.524.911.700;193;5.401.585.578.918.450;3.288.693.542.480.460;189;5.483.161.243.081.090;50;0.08900042623281479;-0.08651546388864517;-0.061128683388233185;3.063.846.153.846.150;2.169.933.349.609.370;24.522.785.186.767.500;;
Barengkok;Jasinga;Bogor;Jawa Barat;10.647.569.104.089.700;-6.428.969.442.198.130;67;29.322.826.862.335.200;3.414.563.293.457.030;183;4.006.162.138.938.900;10;0.20153987407684326;-0.17004859447479248;-0.27758538722991943;3.021.225;216.993.359.375;23.742.650.985.717.700;;
Bagoang;Jasinga;Bogor;Jawa Barat;10.644.471.492.675.700;-6.421.770.939.433.700;41;46.378.607.749.938.900;14.295.684.814.453.100;172;40.167.433.154.582.900;10;0.22065597772598267;-0.17342518270015717;-0.13248303532600403;30.116.583.333.333.300;4.327.481.384.277.340;24.011.669.158.935.500;;
Karihkil;Ciseeng;Bogor;Jawa Barat;10.668.071.823.929.700;-650.234.252.888.918;127;2.629.998.207.092.280;31.481.512.451.171.800;186;5.034.142.324.209.210;10;0.1579955816268921;-0.14084453880786896;-0.15274813771247864;302.766;2.169.933.349.609.370;24.285.863.876.342.700;;
Warung Menteng;Cijeruk;Bogor;Jawa Barat;1.068.006.763.590.490;-6.703.405.977.935.940;482;13.159.607.648.849.400;13.480.348.205.566.400;177;4.610.852.992.415.420;10;0.20617225766181946;-0.1544271856546402;-0.16056808829307556;30.200.952.380.952.300;2.169.933.349.609.370;2.485.558.319.091.790;;
Tajur;Citeureup;Bogor;Jawa Barat;10.693.612.250.829.700;-655.674.726.354.408;251;1.866.533.875.465.390;90.0;174;4.307.002.587.556.830;50;0.13177213072776794;-0.11581739038228989;-0.1289309561252594;3.024.642.105.263.150;216.993.359.375;24.449.819.564.819.300;;
Puraseda;Leuwiliang;Bogor;Jawa Barat;10.659.052.214.387.100;-6.649.212.500.735.550;726;1.313.082.218.170.160;2.579.842.224.121.090;220;5.135.607.488.870.620;10;0.17473764717578888;-0.13519848883152008;0.001798585057258606;29.917.157.894.736.800;216.993.359.375;24.681.560.516.357.400;;
Sukawangi;Sukamakmur;Bogor;Jawa Barat;107.025.667.538.517;-6.646.633.287.186.470;1003;17.319.591.522.216.700;28.057.353.973.388.600;155;4.463.908.442.854.880;10;0.073768250644207;-0.06779620051383972;-0.053907282650470734;29.844.823.529.411.700;216.993.359.375;24.707.237.243.652.300;;
Leuwikaret;Klapanunggal;Bogor;Jawa Barat;10.694.310.164.369.600;-649.546.976.959.213;183;20.837.390.422.821.000;63.582.244.873.046.800;174;3.902.867.429.435.250;10;0.25382909178733826;-0.19750219583511353;-0.16573888063430786;3.023.272.727.272.720;216.993.359.375;24.449.819.564.819.300;;
Mekarwangi;Cariu;Bogor;Jawa Barat;10.711.208.956.225.000;-6.518.339.877.694.110;122;0.9274099469184875;-0.0;180;35.597.336.431.741.700;40;0.11892307549715042;-0.09483145922422409;-0.10555291920900345;3.032.539.130.434.780;216.993.359.375;24.334.423.065.185.500;;
Buanajaya;Tanjungsari;Bogor;Jawa Barat;10.718.327.414.908.300;-661.035.572.739.331;362;26.512.351.989.746.000;13.218.851.089.477.500;162;4.167.567.222.476.000;10;0.2381606549024582;-0.19283895194530487;-0.2249862402677536;30.072.076.923.076.900;216.993.359.375;24.568.544.387.817.300;;
Pondok Udik;Kemang;Bogor;Jawa Barat;10.672.547.504.946.600;-6.483.562.969.203.060;125;208.370.041.847.229;2.435.817.108.154.290;186;5.285.347.621.798.510;10;0.14782564342021942;-0.11577845364809036;-0.18196509778499603;30.599.066.666.666.600;2.169.933.837.890.620;24.285.863.876.342.700;;
;;Bogor;Jawa Barat;10.694.923.938.617.600;-6.587.313.263.498.450;451;16.013.492.584.228.500;16.492.557.525.634.700;166;4.307.002.587.556.830;10;0.1401534378528595;-0.12631313502788544;-0.1231745183467865;300.595;2.169.933.837.890.620;24.993.913.650.512.600;;
;;Bogor;Jawa Barat;1.069.212.206.247.310;-64.622.593.456.891.700;74;18.661.830.425.262.400;270.0;186;3.902.867.429.435.250;40;0.09594177454710007;-0.07603415846824646;-0.08600880950689316;305.785;2.169.933.837.890.620;23.971.342.086.791.900;;
;;Bogor;Jawa Barat;10.706.891.712.155.600;-6.570.395.118.922.280;442;11.069.945.335.388.100;13.144.613.647.460.900;154;40.680.464.820.861.800;10;0.24247847497463226;-0.19293241202831268;-0.017512544989585876;30.106.222.222.222.200;216.993.359.375;24.707.237.243.652.300;;
;;Bogor;Jawa Barat;10.698.979.995.743.000;-6.443.202.620.362.500;77;4.747.308.731.079.100;7.875.968.170.166.010;166;33.363.241.298.794.700;50;0.11089751124382019;-0.08491809666156769;-0.09181500971317291;306.08;2.169.933.837.890.620;23.971.342.086.791.900;;
;;Bogor;Jawa Barat;10.644.531.265.390.000;-6.439.580.159.490.320;54;2.083.554.744.720.450;635.797.233.581.543;174;40.167.433.154.582.900;40;0.14863748848438263;-0.12854430079460144;-0.07536453008651733;30.130.333.333.333.300;4.565.289.611.816.400;24.011.669.158.935.500;;
;;Bogor;Jawa Barat;10.658.089.105.164.500;-64.504.541.503.035;150;66.710.615.158.081.000;1.461.417.999.267.570;169;487.140.446.293.354;10;0.14301693439483643;-0.13138560950756073;-0.24009737372398376;3.005.325;216.993.359.375;23.742.650.985.717.700;;
;;Bogor;Jawa Barat;10.647.894.211.112.700;-661.646.605.423.835;774;2.075.812.578.201.290;206.718.505.859.375;183;5.171.911.107.778.540;10;0.15263210237026215;-0.12549397349357605;-0.10033248364925385;2.988.621.052.631.570;216.993.359.375;24.681.560.516.357.400;;
;;Bogor;Jawa Barat;10.711.061.423.190.000;-6.479.675.783.244.140;46;0.9274099469184875;-0.0;180;36.245.573.242.902.700;40;0.12764933705329895;-0.10620400309562683;-0.05113282799720764;30.357.428.571.428.500;216.993.359.375;24.334.423.065.185.500;;
;;Bogor;Jawa Barat;10.646.484.151.359.100;-6.590.676.473.160.890;650;1.231.657.886.505.120;24.358.660.888.671.800;215;4.954.823.896.884.910;10;0.1475536972284317;-0.11969802528619766;-0.11552514135837555;2.992.847.619.047.610;216.993.359.375;24.681.560.516.357.400;;
;;Bogor;Jawa Barat;10.698.376.552.744.900;-67.112.925.661.589.000;1356;23.337.581.634.521.400;7.918.729.400.634.760;110;4.388.019.289.255.140;10;0.06593187898397446;-0.07249610126018524;-0.04769349843263626;29.624.615.384.615.300;14.001.082.763.671.800;24.855.131.149.291.900;;
;;Bogor;Jawa Barat;10.700.438.135.036.200;-646.285.029.228.987;78;3.704.791.784.286.490;-0.0;180;3.944.766.277.730.460;10;0.11115831881761551;-0.08695390820503235;-0.12442294508218765;3.038.566.666.666.660;216.993.359.375;23.971.342.086.791.900;;
;;Bogor;Jawa Barat;10.651.484.378.127.500;-6.396.969.742.679.720;57;58.783.416.748.046.800;25.167.213.439.941.400;198;36.681.886.801.719.600;10;0.17624005675315857;-0.1406312882900238;-0.25743567943573;302.18;216.993.359.375;23.742.650.985.717.700;;
;;Bogor;Jawa Barat;10.694.745.565.133.900;-66.402.988.865.342.000;1268;2.792.380.142.211.910;22.022.030.639.648.400;235;4.462.325.247.049.330;10;0.04852083697915077;-0.0615682490170002;-0.04394346848130226;29.537.142.857.142.800;216.993.359.375;24.993.913.650.512.600;;
;;Bogor;Jawa Barat;10.655.247.707.555.700;-6.381.936.547.644.840;63;65.694.899.559.021;8.191.960.906.982.420;160;36.500.932.648.181.900;10;0.14620627462863922;-0.1324756145477295;-0.15939097106456757;3.037.233.333.333.330;216.993.359.375;23.742.650.985.717.700;;
;;Bogor;Jawa Barat;10.684.093.776.865.600;-6.768.715.660.047;609;1.623.570.442.199.700;24.359.490.966.796.800;225;4.253.270.837.545.390;10;0.20695295929908752;-0.16291333734989166;-0.13523074984550476;300.531;11.583.756.103.515.600;2.461.726.951.599.120;;
;;Bogor;Jawa Barat;10.707.116.871.431.900;-6.634.749.550.195.820;885;4.095.148.849.487.300;8.640.623.092.651.360;163;4.378.963.024.735.450;10;0.14336875081062317;-0.1332627683877945;-0.01785467565059662;29.877.882.352.941.100;2.169.933.837.890.620;24.707.237.243.652.300;;
;;Bogor;Jawa Barat;10.677.105.065.081.000;-6.610.754.234.446.590;258;2.948.054.075.241.080;7.167.941.284.179.680;172;58.243.705.224.990.800;10;0.15503758192062378;-0.12119364738464355;-0.09292273223400116;3.062.675;2.587.721.435.546.870;24.522.785.186.767.500;;
;;Bogor;Jawa Barat;10.665.923.135.454.900;-6.432.455.453.287.150;62;13.063.298.225.402.800;2.491.309.928.894.040;163;4.132.018.556.594.840;10;0.23872622847557068;-0.20270363986492157;-0.23430538177490234;302.317;216.993.359.375;2.393.191.146.850.580;;
;;Bogor;Jawa Barat;10.705.856.538.953.700;-65.978.784.674.552.200;565;25.373.403.549.194.300;12.079.605.865.478.500;114;40.680.464.820.861.800;10;0.17355427145957947;-0.13911394774913788;-0.21204164624214172;29.945.157.894.736.800;216.993.359.375;24.707.237.243.652.300;;
;;Bogor;Jawa Barat;106.674.212.685.111;-6.534.149.045.208.740;142;1.423.617.935.180.660;3.332.853.088.378.900;200;5.034.142.324.209.210;10;0.1679508239030838;-0.14328141510486603;-0.18130074441432953;30.330.444.444.444.400;2.169.933.349.609.370;24.285.863.876.342.700;;
;;Bogor;Jawa Barat;10.659.385.182.501.300;-67.426.570.432.371.700;979;7.606.426.239.013.670;14.130.101.203.918.400;174;5.028.295.106.768.600;10;0.12380150705575943;-0.11494357138872147;-0.11043272167444229;29.661.157.894.736.800;149.444.091.796.875;25.109.359.741.210.900;;
;;Bogor;Jawa Barat;10.644.480.831.368.400;-6.655.646.997.955.440;1123;4.587.791.061.401.360;11.116.655.731.201.100;60;515.539.243.721.962;10;0.08917093276977539;-0.0888262614607811;-0.024612896144390106;2.967.966.666.666.660;2.169.933.349.609.370;248.308.048.248.291;;
;;Bogor;Jawa Barat;10.710.313.459.471.100;-6.651.633.315.408.780;626;20.421.241.760.253.900;180.0;180;4.048.156.544.327.730;10;0.20632393658161163;-0.16914720833301544;-0.007334813475608826;29.965.263.157.894.700;2.169.933.349.609.370;24.707.237.243.652.300;;
;;Bogor;Jawa Barat;10.644.824.030.865.200;-6.595.123.143.954.750;631;11.226.238.250.732.400;23.518.649.291.992.100;209;48.034.846.959.114.000;50;0.13159748911857605;-0.11570492386817932;-0.1240726113319397;3.000.885.714.285.710;2.169.933.349.609.370;248.308.048.248.291;;
;;Bogor;Jawa Barat;1.065.909.316.932.980;-6.696.310.215.187.850;879;13.159.513.473.510.700;45.196.102.142.333.900;177;5.200.701.335.668.560;10;0.09737186133861542;-0.09170740097761154;-0.061372220516204834;2.975.444.444.444.440;216.993.359.375;25.109.359.741.210.900;;
;;Bogor;Jawa Barat;10.702.265.045.312.300;-6.475.574.443.447.470;89;2.798.112.154.006.950;270.0;189;3.944.766.277.730.460;10;0.18790848553180695;-0.15001200139522552;-0.1080491691827774;302.867;216.993.359.375;24.334.423.065.185.500;;
;;Bogor;Jawa Barat;10.695.254.413.781.500;-6.581.628.167.086.550;432;5.401.615.142.822.260;32.886.883.544.921.800;189;4.091.938.931.822.770;30;0.18298524618148804;-0.14350248873233795;-0.09965234994888306;30.087.904.761.904.700;2.169.933.837.890.620;24.993.913.650.512.600;;
;;Bogor;Jawa Barat;10.648.991.968.252.800;-6.697.482.856.300.780;1410;1.391.165.828.704.830;11.385.622.024.536.100;172;5.483.020.933.628.080;10;0.04936505854129791;-0.05876171961426735;-0.01087116077542305;2.948.475;216.993.359.375;25.109.359.741.210.900;;
;;Bogor;Jawa Barat;10.648.779.394.156.300;-67.465.015.248.063.500;1432;2.414.187.240.600.580;22.666.757.202.148.400;234;5.290.105.481.147.760;10;0.05492802709341049;-0.05459754914045334;-0.1180538460612297;2.940.183.333.333.330;6.463.877.563.476.560;25.109.359.741.210.900;;
;;Bogor;Jawa Barat;10.676.075.485.016.900;-6.517.600.411.973.190;148;0.9274099469184875;180.0;180;5.124.675.341.665.740;10;0.13668566942214966;-0.10284530371427536;-0.21116599440574646;30.616.470.588.235.200;216.993.359.375;2.440.625.762.939.450;;
;;Bogor;Jawa Barat;10.703.791.411.946.800;-6.496.288.930.187.960;226;14.235.969.543.457.000;2.671.295.738.220.210;160;3.944.766.277.730.460;10;0.2215728759765625;-0.17775534093379974;-0.3407742977142334;302.64;2.169.933.837.890.620;24.334.423.065.185.500;;
;;Bogor;Jawa Barat;10.721.077.792.651.300;-6.617.721.107.652.780;506;41.408.138.275.146.400;2.816.491.394.042.960;255;4.293.915.336.608.880;10;0.2159387171268463;-0.18673434853553772;-0.2824101746082306;2.994.568;1.420.762.939.453.120;24.568.544.387.817.300;;
;;Bogor;Jawa Barat;10.693.482.887.510.400;-657.200.671.567.762;408;96.497.802.734.375;7.340.443.420.410.150;151;4.307.002.587.556.830;30;0.16278696060180664;-0.1435815989971161;-0.24360784888267517;2.995.768;2.169.933.349.609.370;24.993.913.650.512.600;;
;;Bogor;Jawa Barat;10.662.631.975.157.000;-65.483.823.723.470.800;174;7.035.207.748.413.080;20.333.468.627.929.600;189;4.875.822.245.955.460;10;0.1942770630121231;-0.1578798145055771;-0.2677352577447891;3.010.488;216.993.359.375;24.285.863.876.342.700;;
;;Bogor;Jawa Barat;10.716.300.002.370.300;-6.635.407.964.472.950;342;19.772.050.857.543.900;35.218.310.546.875;189;4.167.567.222.476.000;10;0.270818829536438;-0.20129255950450897;-0.21245405077934265;3.010.495.652.173.910;2.169.933.837.890.620;24.568.544.387.817.300;;
;;Bogor;Jawa Barat;10.700.894.732.455.800;-6.604.534.333.833.190;664;1.570.889.663.696.280;999.428.939.819.336;132;4.463.908.442.854.880;10;0.20109061896800995;-0.16563142836093903;-0.015950262546539307;29.951.733.333.333.300;2.169.933.349.609.370;24.993.913.650.512.600;;
;;Bogor;Jawa Barat;10.650.876.342.989.800;-6.551.811.605.682.720;286;13.924.820.899.963.300;6.693.702.697.753.900;140;4.717.900.579.929.350;10;0.21213757991790771;-0.17794246971607208;-0.2293280065059662;3.005.104.761.904.760;216.993.359.375;24.376.371.383.666.900;;
;;Bogor;Jawa Barat;10.700.202.329.031.700;-6.631.783.683.244.050;972;8.340.072.631.835.930;6.382.547.855.377.190;177;4.463.908.442.854.880;10;0.08004473149776459;-0.08234724402427673;-0.02326599508523941;29.867.375;216.993.359.375;24.993.913.650.512.600;;
;;Bogor;Jawa Barat;10.659.592.086.996.400;-6.427.580.705.716.180;73;5.417.130.470.275.870;2.391.953.887.939.450;195;4.183.812.367.558.470;10;0.20508992671966553;-0.15839719772338867;-0.26242515444755554;302.962;216.993.359.375;2.393.191.146.850.580;;
;;Bogor;Jawa Barat;10.691.262.292.231.400;-66.282.040.063.897.500;747;1.787.734.603.881.830;4.927.570.343.017.570;138;4.462.325.247.049.330;10;0.11941021680831909;-0.08854159712791443;-0.00799696147441864;30.021.875;216.993.359.375;24.993.913.650.512.600;;
;;Bogor;Jawa Barat;10.676.076.670.936.900;-6.486.444.227.622.950;138;2.629.956.007.003.780;13.481.602.478.027.300;174;48.338.788.821.697.200;60;0.17219622433185577;-0.1469852477312088;-0.10656042397022247;3.053.355.555.555.550;216.993.359.375;2.440.625.762.939.450;;
;;Bogor;Jawa Barat;10.694.562.571.082.400;-6.648.446.458.230.120;997;20.079.233.169.555.600;2.378.986.358.642.570;233;4.462.325.247.049.330;10;0.08064854145050049;-0.0795477107167244;-0.09159798920154572;29.626.933.333.333.300;216.993.359.375;24.993.913.650.512.600;;
;;Bogor;Jawa Barat;10.664.170.871.131.300;-6.669.653.718.890.830;528;38.200.106.620.788.500;14.128.067.970.275.800;177;5.168.976.742.267.600;60;0.1292683482170105;-0.10877170413732529;-0.0807335376739502;29.989.619.047.619.000;2.169.933.837.890.620;25.115.137.100.219.700;;
;;Bogor;Jawa Barat;10.647.594.122.515.600;-6.689.606.783.716.460;1531;169.365.234.375;25.352.256.774.902.300;158;5.483.020.933.628.080;10;0.04527103528380394;-0.054701320827007294;-0.01339680701494217;2.950.323.076.923.070;216.993.359.375;25.109.359.741.210.900;;
;;Bogor;Jawa Barat;10.692.396.130.235.400;-6.728.323.699.740.800;1089;30.743.545.532.226.500;2.606.016.845.703.120;255;4.639.923.124.194.140;10;0.050781771540641785;-0.054050348699092865;-0.013017214834690094;2.969.371.428.571.420;2.169.933.837.890.620;24.855.131.149.291.900;;
;;Bogor;Jawa Barat;10.653.226.846.336.700;-6.429.071.305.302.970;83;381.990.122.795.105;1.941.215.362.548.820;183;4.176.140.424.489.970;10;0.19494804739952087;-0.1516598016023636;-0.2329404056072235;301.684;216.993.359.375;23.742.650.985.717.700;;
;;Bogor;Jawa Barat;10.686.429.571.533.700;-6.621.134.768.298.880;338;7.035.367.965.698.240;3.366.622.619.628.900;189;47.173.144.735.097.800;10;0.19854234158992767;-0.15909689664840698;-0.13023413717746735;302.704;216.993.359.375;24.522.785.186.767.500;;
;;Bogor;Jawa Barat;10.661.446.373.086.000;-6.460.919.224.930.520;353;24.489.364.624.023.400;304.653.564.453.125;242;4.696.554.250.836.370;10;0.18341584503650665;-0.1400463879108429;-0.1966189295053482;30.139.444.444.444.400;216.993.359.375;2.393.191.146.850.580;;
;;Bogor;Jawa Barat;10.698.134.447.719.900;-6.672.810.931.105.920;1435;1.891.373.062.133.780;2.672.921.447.753.900;239;4.281.540.199.041.360;30;0.08756864815950394;-0.07752767950296402;-0.07734290510416031;29.593.875;216.993.359.375;24.855.131.149.291.900;;
;;Bogor;Jawa Barat;10.670.124.275.301.000;-67.258.437.280.225.000;1325;26.424.545.288.085.900;34.085.211.181.640.600;207;5.461.778.191.566.460;10;0.042617615312337875;-0.0519784539937973;0.005103830248117447;295.238;19.011.239.013.671.800;25.115.137.100.219.700;;
;;Bogor;Jawa Barat;10.695.848.954.547.500;-6.592.148.395.084.960;568;2.297.657.585.144.040;27.218.804.931.640.600;251;4.091.938.931.822.770;10;0.1313546746969223;-0.10473985224962234;-0.048714980483055115;2.992.811.111.111.110;216.993.359.375;24.993.913.650.512.600;;
;;Bogor;Jawa Barat;10.648.542.761.079.600;-6.735.694.047.222.340;1633;33.171.409.606.933.500;2.099.161.376.953.120;230;5.290.105.481.147.760;10;0.06457705795764923;-0.06240355223417282;-0.006472080945968628;2.936.872.727.272.720;16.906.357.421.875;25.109.359.741.210.900;;
;;Bogor;Jawa Barat;10.654.358.095.669.400;-6.667.271.597.077.800;581;29.170.351.028.442.300;259.737.491.607.666;142;5.337.203.585.863.110;10;0.15349972248077393;-0.12394604086875916;-0.14158225059509277;29.824.571.428.571.400;216.993.359.375;25.109.359.741.210.900;;
;;Bogor;Jawa Barat;10.657.528.953.119.900;-6.423.566.520.072.120;127;6.550.412.178.039.550;314.819.580.078.125;195;4.183.812.367.558.470;10;0.09442092478275299;-0.056743185967206955;-0.12334896624088287;3.011.952;216.993.359.375;23.742.650.985.717.700;;
;;Bogor;Jawa Barat;10.712.492.396.292.700;-6.578.273.574.918.320;123;9.133.995.056.152.340;3.148.107.604.980.460;201;36.923.970.265.984.500;40;0.18243485689163208;-0.15354931354522705;-0.09151849150657654;3.020.475;2.169.933.837.890.620;24.707.237.243.652.300;;
;;Bogor;Jawa Barat;10.719.743.987.461.300;-6.639.639.784.870.840;498;13.268.957.138.061.500;34.395.245.361.328.100;192;4.167.567.222.476.000;10;0.21631215512752533;-0.17901715636253357;-0.2665843218564987;30.017.703.703.703.700;17.189.681.396.484.300;24.568.544.387.817.300;;
;;Bogor;Jawa Barat;10.710.954.770.406.500;-6.553.901.229.196.960;226;17.399.768.829.345.700;9.891.493.225.097.650;127;36.923.970.265.984.500;10;0.3208554983139038;-0.2601514160633087;-0.11837783455848694;30.197.636.363.636.300;216.993.359.375;24.334.423.065.185.500;;
;;Bogor;Jawa Barat;10.656.207.499.971.400;-6.714.714.003.207.910;1108;1.209.847.354.888.910;9.868.708.801.269.530;143;5.028.295.106.768.600;10;0.11018294095993042;-0.1018039882183075;0.040997184813022614;296.641;2.169.933.837.890.620;25.109.359.741.210.900;;
;;Bogor;Jawa Barat;10.671.538.402.353.900;-6.640.468.894.226.530;469;5.941.934.108.734.130;3.084.718.322.753.900;195;5.427.478.839.993.470;10;0.18640190362930298;-0.1478247046470642;-0.15157678723335266;30.176.099.999.999.900;2.169.933.837.890.620;24.598.072.052.001.900;;
;;Bogor;Jawa Barat;10.645.014.230.725.300;-6.704.597.164.185.530;1805;12.331.646.919.250.400;3.117.917.785.644.530;209;5.290.105.481.147.760;10;0.045002952218055725;-0.0514766164124012;0.008597761392593384;293.302;2.169.933.349.609.370;2.504.014.015.197.750;;
;;Bogor;Jawa Barat;1.064.549.591.621.030;-6.677.851.274.772.530;1361;133.432.035.446.167;7.415.733.337.402.340;140;5.483.020.933.628.080;10;0.08085107058286667;-0.0735592171549797;0.008210793137550354;29.533.882.352.941.100;216.993.359.375;25.109.359.741.210.900;;
;;Bogor;Jawa Barat;10.662.544.627.755.400;-6.565.426.321.302.750;202;20.757.696.628.570.500;3.332.838.439.941.400;183;5.065.836.216.688.150;10;0.1905626505613327;-0.15327221155166626;-0.14632020890712738;30.235.360.000.000.000;2.169.933.837.890.620;24.598.072.052.001.900;;
;;Bogor;Jawa Barat;10.672.788.676.278.800;-6.538.807.864.855.510;157;13.540.541.648.864.700;16.022.744.750.976.500;166;5.703.288.542.628.280;10;0.18118365108966827;-0.14084303379058838;-0.12936465442180634;30.440.117.647.058.800;216.993.359.375;24.285.863.876.342.700;;
;;Bogor;Jawa Barat;1.069.513.520.560.040;-6.393.791.714.079.580;51;416.131.591.796.875;6.357.768.249.511.710;169;30.034.475.454.092.000;10;0.09298751503229141;-0.08913545310497284;-0.07985731214284897;3.074.866.666.666.660;2.169.933.349.609.370;23.971.342.086.791.900;;
;;Bogor;Jawa Barat;10.713.771.847.545.600;-6.509.860.148.728.570;74;1.438.570.785.522.460;14.513.119.506.835.900;155;35.597.336.431.741.700;10;0.27496856451034546;-0.23750260472297668;-0.26165491342544556;30.354.434.782.608.600;216.993.359.375;24.334.423.065.185.500;;
;;Bogor;Jawa Barat;10.708.541.726.957.900;-64.689.831.547.339;88;1.315.648.078.918.450;2.251.829.833.984.370;183;3.705.601.014.614.100;40;0.10515665262937546;-0.08945317566394806;-0.10958852618932724;303.8;216.993.359.375;24.334.423.065.185.500;;
;;Bogor;Jawa Barat;10.648.980.172.128.500;-65.928.143.932.037.700;594;14.243.979.454.040.500;5.038.127.136.230.460;146;4.954.823.896.884.910;10;0.14865508675575256;-0.13664308190345764;-0.09764327108860016;299.872;2.169.933.349.609.370;24.681.560.516.357.400;;
;;Bogor;Jawa Barat;10.710.668.425.603.700;-6.607.059.801.456.580;235;7.067.413.806.915.280;6.693.932.342.529.290;160;38.925.603.647.232.000;10;0.25687718391418457;-0.2037757784128189;-0.1732621192932129;3.022.072.727.272.720;216.993.359.375;24.707.237.243.652.300;;
;;Bogor;Jawa Barat;10.711.100.515.772.900;-6.516.046.237.324.850;117;0.9334388971328735;270.0;183;35.597.336.431.741.700;40;0.1230807974934578;-0.09830159693956375;-0.1040797010064125;30.303.565.217.391.300;2.169.933.349.609.370;24.334.423.065.185.500;;
;;Bogor;Jawa Barat;10.699.260.932.610.100;-64.588.675.230.147;75;18.543.341.159.820.500;-0.0;180;38.748.406.867.980.900;40;0.12002750486135483;-0.09443656355142593;-0.17832127958536148;3.037.858.823.529.410;2.169.933.837.890.620;23.971.342.086.791.900;;
;;Bogor;Jawa Barat;10.655.887.472.387.900;-66.259.504.897.045.200;651;2.843.379.783.630.370;28.560.882.568.359.300;255;5.135.607.488.870.620;10;0.14298507571220398;-0.11365616321563721;-0.09136718511581421;29.955.333.333.333.300;216.993.359.375;24.681.560.516.357.400;;
;;Bogor;Jawa Barat;10.643.560.868.572.200;-6.689.956.560.732.060;1351;13.053.047.180.175.700;12.175.209.045.410.100;172;515.539.243.721.962;10;0.07412999868392944;-0.07241790741682053;-5,57E+11;2.946.928.571.428.570;216.993.359.375;2.504.014.015.197.750;;
;;Bogor;Jawa Barat;10.667.868.331.651.800;-6.512.461.597.391.340;93;13.605.931.282.043.400;1.095.366.439.819.330;140;5.034.142.324.209.210;10;0.20694565773010254;-0.17674459517002106;-0.261890172958374;3.024.247.619.047.610;2.169.933.349.609.370;24.285.863.876.342.700;;
;;Bogor;Jawa Barat;1.067.643.855.704.280;-6.601.024.080.910.410;233;0.0;-0.0;180;58.243.705.224.990.800;50;0.06915745139122009;-0.062385641038417816;-0.03794092684984207;3.071.093.333.333.330;2.169.933.349.609.370;24.522.785.186.767.500;;
;;Bogor;Jawa Barat;10.674.840.763.188.800;-65.329.192.315.279.800;165;13.157.321.214.675.900;13.481.338.500.976.500;177;5.703.288.542.628.280;50;0.09206154197454453;-0.08228342980146408;-0.03618232160806656;305.16;216.993.359.375;2.440.625.762.939.450;;
;;Bogor;Jawa Barat;10.713.642.639.822.700;-662.241.043.596.744;177;7.234.004.497.528.070;503.829.460.144.043;163;38.925.603.647.232.000;10;0.29311615228652954;-0.23316249251365662;-0.19996598362922668;302.432;216.993.359.375;24.707.237.243.652.300;;
;;Bogor;Jawa Barat;10.673.898.941.742.400;-66.928.529.351.443.600;1509;4.263.235.855.102.530;125.469.970.703.125;81;5.708.007.169.246.670;10;0.032654404640197754;-0.043461039662361145;-0.004316728562116623;293.755;216.993.359.375;2.485.558.319.091.790;;
;;Bogor;Jawa Barat;10.684.931.186.900.900;-6.716.993.092.873.130;503;7.234.825.611.114.500;2.303.883.819.580.070;198;4.610.852.992.415.420;10;0.1652648001909256;-0.13701890408992767;-0.09356848895549774;30.221.444.444.444.400;216.993.359.375;2.485.558.319.091.790;;
;;Bogor;Jawa Barat;10.649.933.183.044.500;-671.210.688.242.736;1484;1.189.579.963.684.080;15.723.989.868.164.000;166;5.290.105.481.147.760;10;0.05840105190873146;-0.061246853321790695;-0.023274343460798264;29.407.599.999.999.900;216.993.359.375;25.109.359.741.210.900;;
;;Bogor;Jawa Barat;10.644.992.688.236.100;-6.641.364.623.455.740;855;1.580.230.712.890.620;1.562.286.376.953.120;161;5.100.245.594.263.070;10;0.12673407793045044;-0.11660192161798477;-0.11320081353187561;298.494;2.169.933.837.890.620;248.308.048.248.291;;
;;Bogor;Jawa Barat;10.704.237.700.351.800;-6.632.154.292.556.120;741;18.066.986.083.984.300;33.328.076.171.875;205;4.463.908.442.854.880;10;0.11069553345441818;-0.09965845942497253;-0.09956087917089462;29.878.933.333.333.300;216.993.359.375;24.707.237.243.652.300;;
;;Bogor;Jawa Barat;1.065.413.971.841.410;-6.598.142.528.748.100;285;13.158.189.058.303.800;22.519.036.865.234.300;183;4.717.900.579.929.350;80;0.1328098028898239;-0.09449557960033417;0.044954508543014526;3.012.685.714.285.710;2.169.933.349.609.370;24.681.560.516.357.400;;
;;Bogor;Jawa Barat;10.703.175.092.727.900;-6.492.344.201.249.480;194;7.880.733.966.827.390;3.393.224.792.480.460;189;3.944.766.277.730.460;10;0.2057824283838272;-0.16347001492977142;-0.19120918214321136;3.026.978.947.368.420;2.169.933.349.609.370;24.334.423.065.185.500;;
;;Bogor;Jawa Barat;10.720.871.242.329.000;-6.629.814.769.206.060;421;22.111.522.674.560.500;3.312.276.306.152.340;213;4.293.915.336.608.880;10;0.2660098373889923;-0.21360528469085693;-0.22771501541137695;29.985.739.130.434.700;673.958.251.953.125;24.568.544.387.817.300;;
;;Bogor;Jawa Barat;10.691.551.741.279.300;-6.464.602.114.598.280;114;29.323.034.286.499.000;1.614.551.239.013.670;177;3.902.867.429.435.250;50;0.14070948958396912;-0.11383748799562454;-0.07627737522125244;3.057.633.333.333.330;2.169.933.837.890.620;23.971.342.086.791.900;;
;;Bogor;Jawa Barat;10.657.997.682.769.100;-6.503.187.640.166.940;511;6.724.499.225.616.450;19.604.336.547.851.500;186;481.153.383.564.949;10;0.1545226126909256;-0.13600517809391022;-0.13776378333568573;29.863.222.222.222.200;2.169.933.349.609.370;24.376.371.383.666.900;;
;;Bogor;Jawa Barat;10.714.790.066.895.600;-6.655.500.534.007.050;267;21.064.403.533.935.500;3.376.148.681.640.620;205;4.048.156.544.327.730;10;0.26509183645248413;-0.21194060146808624;-0.27658629417419434;301.065;2.169.933.349.609.370;24.707.237.243.652.300;;
;;Bogor;Jawa Barat;10.664.269.597.615.100;-6.513.996.029.545.200;125;29.323.322.772.979.700;1.985.465.545.654.290;183;4.875.822.245.955.460;10;0.1429586112499237;-0.1137348935008049;-0.13710597157478333;3.014.113.043.478.260;216.993.359.375;24.285.863.876.342.700;;
;;Bogor;Jawa Barat;1.069.233.448.008.470;-6.404.681.574.626.580;82;20.756.359.100.341.700;15.329.119.873.046.800;177;3.390.891.127.049.920;10;0.12181373685598373;-0.0901774913072586;-0.1479298546910286;305.536;77.094.296.875;23.971.342.086.791.900;;
;;Bogor;Jawa Barat;10.696.809.843.115.800;-6.526.256.076.241.220;417;6.571.310.997.009.270;261.921.875;201;370.262.090.998.888;10;0.1931769698858261;-0.15388740599155426;-0.20123164355754852;299.98;2.169.933.837.890.620;24.449.819.564.819.300;;
;;Bogor;Jawa Barat;10.647.593.469.701.100;-6.734.141.005.275.110;1613;9.257.922.172.546.380;90.0;151;5.290.105.481.147.760;10;0.03592716529965401;-0.04885324835777283;-0.02381119504570961;293.86;4.687.270.202.636.710;25.109.359.741.210.900;;
;;Bogor;Jawa Barat;10.694.243.086.016.000;-6.583.715.565.117.260;374;31.659.696.578.979.400;13.758.628.845.214.800;158;4.307.002.587.556.830;10;0.17667610943317413;-0.1543826460838318;-0.17366226017475128;30.074.315.789.473.600;2.169.933.837.890.620;24.993.913.650.512.600;;
;;Bogor;Jawa Barat;10.702.609.045.954.600;-6.597.587.486.694.520;450;11.482.983.589.172.300;28.770.780.563.354.400;163;4.174.501.218.318.930;40;0.14573326706886292;-0.13381026685237885;-0.07366375625133514;3.013.075;216.993.359.375;24.707.237.243.652.300;;
;;Bogor;Jawa Barat;10.647.902.851.901.800;-6.704.381.098.307.740;1480;2.381.696.319.580.070;14.378.541.564.941.400;137;5.290.105.481.147.760;10;0.04872031509876251;-0.06133068725466728;-0.007613055408000946;294.2;2.169.933.349.609.370;25.109.359.741.210.900;;
;;Bogor;Jawa Barat;10.662.863.997.982.800;-6.593.675.212.477.690;273;7.606.289.863.586.420;3.458.740.234.375;186;5.065.836.216.688.150;10;0.18367508053779602;-0.13821430504322052;-0.1935960352420807;30.139.652.173.913.000;2.169.933.349.609.370;24.598.072.052.001.900;;
;;Bogor;Jawa Barat;10.705.002.390.010.900;-6.596.688.691.696.370;635;1.972.298.240.661.620;270.0;241;4.174.501.218.318.930;10;0.16515879333019257;-0.13480480015277863;-0.2813812345266342;2.994.188.888.888.880;216.993.359.375;24.707.237.243.652.300;;
;;Bogor;Jawa Barat;10.709.973.873.795.200;-6.462.358.543.092.800;97;6.505.849.361.419.670;90.0;160;3.705.601.014.614.100;10;0.22268608212471008;-0.17306983470916748;-0.19290590286254883;30.352.636.363.636.300;2.169.933.837.890.620;23.699.430.465.698.200;;
;;Bogor;Jawa Barat;10.648.835.050.424.600;-6.655.012.867.563.810;813;1.052.191.162.109.370;7.484.292.602.539.060;149;5.483.020.933.628.080;10;0.14156830310821533;-0.118894062936306;-0.10081195831298828;298.92;2.169.933.349.609.370;24.681.560.516.357.400;;
;;Bogor;Jawa Barat;10.688.224.922.989.800;-6.518.300.291.304.320;182;416.213.321.685.791;2.964.167.175.292.960;192;4.368.204.618.692.390;10;0.1656431406736374;-0.13452109694480896;-0.13163204491138458;3.039.978.947.368.420;216.993.359.375;24.449.819.564.819.300;;
;;Bogor;Jawa Barat;10.667.365.221.662.300;-6.433.823.489.830.660;95;2.075.659.990.310.660;3.332.898.864.746.090;183;4.132.018.556.594.840;10;0.16893960535526276;-0.13627441227436066;-0.2625810354948044;30.381.176.470.588.200;216.993.359.375;2.393.191.146.850.580;;
;;Bogor;Jawa Barat;10.669.586.163.683.700;-6.615.655.589.816.290;351;2.630.298.137.664.790;4.519.138.717.651.360;174;5.074.582.198.143.000;10;0.1648518294095993;-0.12969085574150085;-0.15581856667995453;303.19;216.993.359.375;24.598.072.052.001.900;;
;;Bogor;Jawa Barat;10.660.342.612.583.000;-6.595.808.214.722.310;313;9.240.818.977.355.950;5.748.388.767.242.430;177;5.065.836.216.688.150;10;0.22441981732845306;-0.1772480010986328;-0.14600242674350739;30.089.619.047.619.000;216.993.359.375;24.598.072.052.001.900;;
;;Bogor;Jawa Barat;10.646.662.432.207.800;-65.160.126.104.381.000;181;474.796.724.319.458;2.587.612.609.863.280;195;4.737.695.574.164.390;10;0.18769678473472595;-0.15974023938179016;-0.26673197746276855;30.133.750.000.000.000;216.993.359.375;24.376.371.383.666.900;;
;;Bogor;Jawa Barat;10.702.500.639.090.800;-6.634.112.425.080.940;755;19.337.148.666.381.800;3.261.320.495.605.460;214;4.463.908.442.854.880;10;0.1113414540886879;-0.09305960685014725;-0.06135327368974686;2.990.458.823.529.410;2.169.933.837.890.620;24.707.237.243.652.300;;
;;Bogor;Jawa Barat;1.070.569.667.677.350;-6.527.932.938.916.580;306;182.353.458.404.541;27.847.625.732.421.800;236;37.660.068.249.702.400;10;0.19960372149944305;-0.1662500500679016;-0.1436009258031845;3.020.929.411.764.700;216.993.359.375;24.334.423.065.185.500;;
;;Bogor;Jawa Barat;10.648.705.687.088.100;-6.678.669.419.667.630;1141;27.562.822.341.918.900;3.340.776.062.011.710;217;5.483.020.933.628.080;10;0.10330687463283539;-0.0927785336971283;-0.012594856321811676;2.962.242.857.142.850;216.993.359.375;25.109.359.741.210.900;;
;;Bogor;Jawa Barat;10.662.602.566.321.600;-6.421.193.170.837.130;73;5.657.899.856.567.380;2.794.040.222.167.960;198;40.326.338.045.597.000;60;0.07361344993114471;-0.0368676520884037;-0.07760964334011078;3.027.811.111.111.110;216.993.359.375;2.393.191.146.850.580;;
;;Bogor;Jawa Barat;10.662.355.289.941.800;-6.362.778.188.447.160;54;2.083.303.928.375.240;1.164.237.060.546.870;174;34.669.068.363.904.900;10;0.11601093411445618;-0.09060779958963394;-0.15291282534599304;30.402.736.842.105.200;52.041.396.484.375;2.355.120.849.609.370;;
;;Bogor;Jawa Barat;10.694.882.103.187.600;-6.728.716.876.811.750;1342;279.503.116.607.666;25.223.667.907.714.800;255;4.639.923.124.194.140;10;0.0503716804087162;-0.05009942129254341;-0.012902360409498215;295.77;216.993.359.375;24.855.131.149.291.900;;
;;Bogor;Jawa Barat;10.686.557.046.939.300;-6.606.681.449.266.510;293;6.762.402.057.647.700;2.541.551.513.671.870;201;47.173.144.735.097.800;10;0.21167877316474915;-0.17161954939365387;-0.14032810926437378;30.280.933.333.333.300;2.169.933.349.609.370;24.522.785.186.767.500;;
;;Bogor;Jawa Barat;10.656.324.835.893.700;-6.612.846.352.154.740;844;24.320.890.426.635.700;3.075.093.688.964.840;239;5.135.607.488.870.620;10;0.1159178763628006;-0.10143822431564331;-0.0516604483127594;2.989.842.105.263.150;216.993.359.375;24.681.560.516.357.400;;
;;Bogor;Jawa Barat;1.064.164.172.761.150;-648.790.407.861.387;124;2.932.317.018.508.910;18.545.663.833.618.100;177;43.853.462.117.910.300;10;0.2551651895046234;-0.20828886330127716;-0.1929144561290741;30.078.833.333.333.300;216.993.359.375;24.200.273.513.793.900;;
;;Bogor;Jawa Barat;10.670.190.215.976.600;-6.670.073.909.076.040;690;1.079.190.731.048.580;25.014.154.052.734.300;212;5.708.007.169.246.670;30;0.14291232824325562;-0.11349008977413177;-0.054393887519836426;29.998.947.368.421.000;216.993.359.375;25.115.137.100.219.700;;
;;Bogor;Jawa Barat;10.650.619.977.982.600;-6.360.072.889.287.420;54;18.543.341.159.820.500;180.0;180;36.681.886.801.719.600;40;0.11758796125650406;-0.10740004479885101;-0.1274188831448555;30.294.545.454.545.400;216.993.359.375;23.158.239.364.624.000;;
;;Bogor;Jawa Barat;10.655.060.588.002.800;-656.378.209.404.963;329;7.483.408.451.080.320;9.707.878.875.732.420;157;5.091.430.780.410.760;10;0.28872808814048767;-0.2162974774837494;-0.11606740951538086;3.009.382.608.695.650;2.169.933.837.890.620;24.681.560.516.357.400;;
;;Bogor;Jawa Barat;1.064.562.012.602.900;-66.011.548.433.634.600;663;10.499.914.169.311.500;523.095.703.125;154;5.171.911.107.778.540;10;0.1527378112077713;-0.12291523814201355;-0.1818065494298935;299.279;2.169.933.349.609.370;24.681.560.516.357.400;;
;;Bogor;Jawa Barat;10.649.077.396.507.800;-6.587.778.765.099.270;581;21.382.753.372.192.300;25.317.791.748.046.800;243;4.954.823.896.884.910;10;0.1698320508003235;-0.14478635787963867;-0.20159652829170227;2.999.017.391.304.340;216.993.359.375;24.681.560.516.357.400;;
;;Bogor;Jawa Barat;10.710.911.622.027.900;-6.639.258.320.159.540;460;14.766.095.161.437.900;349.310.302.734.375;189;38.925.603.647.232.000;10;0.24355348944664001;-0.19168642163276672;-0.09884652495384216;300.97;2.169.933.837.890.620;24.707.237.243.652.300;;
;;Bogor;Jawa Barat;10.705.273.832.359.000;-6.511.053.635.581.170;155;2.083.791.732.788.080;11.641.703.796.386.700;174;37.660.068.249.702.400;40;0.176061749458313;-0.13030095398426056;-0.042954221367836;30.303.555.555.555.500;216.993.359.375;24.334.423.065.185.500;;
;;Bogor;Jawa Barat;10.663.777.794.232.200;-6.555.213.245.714.300;160;5.659.357.070.922.850;9.940.156.555.175.780;163;5.065.836.216.688.150;10;0.1608947217464447;-0.14181703329086304;-0.11663833260536194;301.975;216.993.359.375;24.285.863.876.342.700;;
;;Bogor;Jawa Barat;10.714.628.855.252.500;-6.486.802.532.529.040;65;0.9333842396736145;270.0;183;36.245.573.242.902.700;40;0.13010796904563904;-0.11129409074783325;-0.09777624905109406;30.365.391.304.347.800;216.993.359.375;24.334.423.065.185.500;;
;;Bogor;Jawa Barat;10.642.000.592.545.500;-6.529.175.130.103.640;201;19.371.938.705.444.300;1.033.087.387.084.960;122;45.239.107.275.009.100;10;0.2158595621585846;-0.17386718094348907;-0.30196884274482727;3.004.336;2.169.933.837.890.620;24.200.273.513.793.900;;
;;Bogor;Jawa Barat;10.684.920.290.310.500;-6.471.193.778.616.160;124;18.662.158.250.808.700;90.0;174;4.371.571.661.949.150;50;0.054474856704473495;-0.037055451422929764;-0.044125717133283615;30.879.555.555.555.500;216.993.359.375;2.440.625.762.939.450;;
;;Bogor;Jawa Barat;10.645.831.197.714.500;-6.578.666.519.939.160;753;13.903.862.953.186.000;14.822.329.711.914.000;157;4.954.823.896.884.910;30;0.1550917774438858;-0.12486866861581802;-0.11517848074436188;299.425;2.169.933.837.890.620;24.681.560.516.357.400;;
;;Bogor;Jawa Barat;10.649.456.804.863.800;-66.880.873.102.641.100;1201;1.801.332.664.489.740;5.331.771.469.116.210;136;5.483.020.933.628.080;10;0.06323785334825516;-0.060131512582302094;-0.04409448057413101;2.953.811.764.705.880;216.993.359.375;25.109.359.741.210.900;;
;;Bogor;Jawa Barat;10.688.862.874.397.200;-6.679.918.179.641.810;656;33.473.522.663.116.400;32.612.957.763.671.800;186;4.458.884.037.494.650;10;0.16659070551395416;-0.14369641244411469;-0.1357565075159073;3.032.342.857.142.850;216.993.359.375;24.855.131.149.291.900;;
;;Bogor;Jawa Barat;10.647.565.782.084.900;-65.826.013.973.125.500;562;14.243.816.375.732.400;5.038.070.297.241.210;146;4.954.823.896.884.910;30;0.17646971344947815;-0.14411373436450958;-0.15246155858039856;2.993.445.454.545.450;2.169.933.837.890.620;24.681.560.516.357.400;;
;;Bogor;Jawa Barat;10.676.090.250.673.500;-670.865.858.949.515;1382;19.012.937.545.776.300;4.519.682.312.011.710;139;5.224.574.828.028.670;10;0.05779503285884857;-0.06594128161668777;0.0015044771134853363;29.484.000.000.000.000;2.169.933.837.890.620;2.485.558.319.091.790;;
;;Bogor;Jawa Barat;10.669.683.515.308.400;-6.501.355.857.834.050;115;33.552.751.541.137.600;23.648.033.142.089.800;189;5.034.142.324.209.210;10;0.19163258373737335;-0.13752271234989166;-0.1831047385931015;3.030.838.095.238.090;2.169.933.349.609.370;24.285.863.876.342.700;;
;;Bogor;Jawa Barat;10.701.023.767.194.300;-6.589.880.616.342.430;502;13.765.974.998.474.100;3.523.554.382.324.210;186;4.174.501.218.318.930;10;0.20040841400623322;-0.15625342726707458;-0.08187083899974823;3.016.075;2.169.933.837.890.620;24.993.913.650.512.600;;
;;Bogor;Jawa Barat;10.655.393.578.372.200;-6.490.764.437.842.330;415;2.302.401.351.928.710;3.163.641.662.597.650;229;487.140.446.293.354;10;0.16240546107292175;-0.11786752194166183;-0.01873794198036194;299.507;2.169.933.837.890.620;24.376.371.383.666.900;;
;;Bogor;Jawa Barat;10.698.814.626.856.500;-6.497.825.326.612.140;280;30.006.080.627.441.400;5.781.923.294.067.380;104;38.748.406.867.980.900;10;0.20875634253025055;-0.17124836146831512;-0.1939585953950882;3.005.288;2.169.933.837.890.620;24.449.819.564.819.300;;
;;Bogor;Jawa Barat;10.678.518.122.794.300;-66.748.678.020.874.000;576;3.942.227.602.005.000;451.948.356.628.418;172;5.889.075.563.192.360;10;0.15764831006526947;-0.12605082988739014;-0.05585676431655884;3.015.028.571.428.570;216.993.359.375;2.485.558.319.091.790;;
;;Bogor;Jawa Barat;10.673.040.995.435.100;-643.817.041.023.255;108;37.282.397.747.039.700;270.0;192;41.938.234.204.649.900;10;0.15106657147407532;-0.11647100001573563;-0.22697347402572632;30.610.375;216.993.359.375;2.393.191.146.850.580;;
;;Bogor;Jawa Barat;10.658.318.978.175.500;-6.386.337.832.698.430;143;1.545.012.092.590.330;31.958.770.751.953.100;211;36.500.932.648.181.900;10;0.23340937495231628;-0.19588154554367065;-0.2795102298259735;302.357;2.169.933.837.890.620;23.742.650.985.717.700;;
;;Bogor;Jawa Barat;10.697.592.800.598.300;-6.744.248.706.838.640;1805;17.939.640.045.166.000;-0.0;180;4.388.019.289.255.140;10;0.054391514509916306;-0.05443940311670303;-0.010139476507902145;29.232.181.818.181.800;9.637.020.874.023.430;24.855.131.149.291.900;;
;;Bogor;Jawa Barat;10.647.116.377.119.700;-6.560.432.751.633.840;863;2.645.150.375.366.210;2.318.155.517.578.120;243;4.954.823.896.884.910;10;0.12296398729085922;-0.10355447977781296;-0.016280673444271088;29.859.238.095.238.000;216.993.359.375;24.376.371.383.666.900;;
;;Bogor;Jawa Barat;10.704.481.009.955.900;-6.414.058.031.032.910;64;29.470.136.165.618.800;25.167.269.897.460.900;189;356.038.719.189.167;10;0.1657324731349945;-0.13943782448768616;-0.20466265082359314;3.042.344.444.444.440;216.993.359.375;23.699.430.465.698.200;;
;;Bogor;Jawa Barat;10.648.457.009.061.500;-6.511.186.221.346.060;154;8.511.433.601.379.390;31.921.539.306.640.600;198;4.737.695.574.164.390;10;0.20807096362113953;-0.14383740723133087;-0.21998223662376404;30.139.565.217.391.300;2.169.933.349.609.370;24.376.371.383.666.900;;
;;Bogor;Jawa Barat;1.067.571.356.451.920;-66.079.504.966.316.400;252;0.9336112141609192;90.0;177;58.243.705.224.990.800;50;0.12702690064907074;-0.10514343529939651;-0.030177518725395203;30.506.375;216.993.359.375;24.522.785.186.767.500;;
;;Bogor;Jawa Barat;10.706.883.008.951.500;-6.602.415.015.495.580;470;7.483.971.118.927.000;829.217.529.296.875;157;4.378.963.024.735.450;10;0.22364111244678497;-0.17535771429538727;-0.033765897154808044;3.004.122.222.222.220;216.993.359.375;24.707.237.243.652.300;;
;;Bogor;Jawa Barat;10.644.394.099.552.600;-6.513.187.700.429.610;148;15.076.750.755.310.000;2.948.750.305.175.780;223;45.239.107.275.009.100;10;0.21827571094036102;-0.17700880765914917;-0.20515240728855133;3.006.515.384.615.380;2.169.933.837.890.620;24.200.273.513.793.900;;
;;Bogor;Jawa Barat;10.698.151.491.017.900;-6.412.868.747.523.620;76;18.660.014.867.782.500;270.0;186;33.363.241.298.794.700;10;0.16664519906044006;-0.13159547746181488;-0.13777649402618408;3.064.746.666.666.660;216.993.359.375;23.971.342.086.791.900;;
;;Bogor;Jawa Barat;10.672.895.899.579.200;-6.661.684.933.397.200;679;8.699.212.074.279.780;3.278.199.157.714.840;195;5.708.007.169.246.670;10;0.09881549328565598;-0.07131044566631317;-0.043654896318912506;300.44;216.993.359.375;25.115.137.100.219.700;;
;;Bogor;Jawa Barat;10.654.749.312.074.800;-6.654.908.403.011.380;521;16.664.913.177.490.200;31.920.721.435.546.800;214;5.337.203.585.863.110;10;0.198670893907547;-0.1641642153263092;-0.1756594181060791;2.991.716.666.666.660;2.169.933.349.609.370;24.681.560.516.357.400;;
;;Bogor;Jawa Barat;10.706.665.582.829.600;-649.432.368.348.433;123;2.075.709.819.793.700;3.332.871.398.925.780;183;3.705.601.014.614.100;40;0.1190500259399414;-0.10737281292676926;-0.05766156315803528;30.349.894.736.842.100;2.169.933.837.890.620;24.334.423.065.185.500;;
;;Bogor;Jawa Barat;10.671.577.288.150.000;-6.408.002.488.487.450;83;39.411.721.229.553.200;13.482.044.982.910.100;172;41.938.234.204.649.900;10;0.10961489379405975;-0.09368888288736343;-0.1015005111694336;3.059.138.461.538.460;216.993.359.375;2.393.191.146.850.580;;
;;Bogor;Jawa Barat;10.645.290.028.050.200;-67.237.421.699.768.200;1621;3.628.558.349.609.370;2.217.408.561.706.540;140;5.290.105.481.147.760;10;0.04576997086405754;-0.055581629276275635;-0.011684346944093704;2.922.646.153.846.150;4.725.152.587.890.620;2.504.014.015.197.750;;
;;Bogor;Jawa Barat;10.655.068.715.642.200;-6.623.942.536.105.830;363;46.472.063.064.575.100;3.066.858.825.683.590;192;5.135.607.488.870.620;30;0.11616498231887817;-0.10378235578536987;-0.10240760445594788;3.002.245.454.545.450;2.169.933.349.609.370;24.681.560.516.357.400;;
;;Bogor;Jawa Barat;10.655.691.063.155.200;-65.773.123.019.840.100;263;4.638.379.096.984.860;3.705.167.007.446.280;172;5.091.430.780.410.760;10;0.17875924706459045;-0.13602110743522644;-0.20571103692054749;3.016.391.304.347.820;2.169.933.837.890.620;24.681.560.516.357.400;;
;;Bogor;Jawa Barat;10.680.783.137.185.100;-6.741.395.038.466.270;496;0.9338654279708862;270.0;183;4.610.852.992.415.420;50;0.1545114815235138;-0.127568319439888;-0.034355342388153076;302.986;2.169.933.349.609.370;2.485.558.319.091.790;;
;;Bogor;Jawa Barat;10.659.881.695.870.500;-6.543.130.707.733.090;329;13.606.648.445.129.300;10.953.553.009.033.200;140;481.153.383.564.949;10;0.19363200664520264;-0.1591154932975769;-0.0710393488407135;30.068.080.000.000.000;2.169.933.837.890.620;24.285.863.876.342.700;;
;;Bogor;Jawa Barat;1.069.278.511.481.210;-66.735.005.889.490.400;802;0.9274099469184875;-0.0;180;4.096.724.369.227.880;50;0.09032891690731049;-0.07788430899381638;-0.0929039716720581;30.231.333.333.333.300;216.993.359.375;24.855.131.149.291.900;;
;;Bogor;Jawa Barat;1.065.221.849.411.140;-6.622.280.815.309.760;590;11.079.638.481.140.100;24.588.762.283.325.100;166;5.029.259.747.266.760;10;0.23722253739833832;-0.1851029396057129;-0.03251112997531891;2.997.481.818.181.810;2.169.933.349.609.370;24.681.560.516.357.400;;
;;Bogor;Jawa Barat;10.675.189.638.915.400;-6.665.103.065.152.130;695;5.933.342.456.817.620;3.211.505.126.953.120;192;5.889.075.563.192.360;10;0.13190197944641113;-0.11525141447782516;0.009812489151954651;30.033.625;216.993.359.375;2.485.558.319.091.790;;
;;Bogor;Jawa Barat;10.648.428.007.498.500;-6.598.253.844.455.800;610;12.261.929.512.023.900;7.708.856.201.171.870;143;4.954.823.896.884.910;30;0.14925241470336914;-0.1243966668844223;-0.11143136024475098;300.058;2.169.933.349.609.370;24.681.560.516.357.400;;
;;Bogor;Jawa Barat;10.699.266.146.685.200;-6.646.789.182.289.460;1408;14.953.640.937.805.100;1.412.743.854.522.700;169;4.318.325.363.516.800;10;0.052547331899404526;-0.05163194611668587;-0.03143696114420891;2.948.018.181.818.180;216.993.359.375;24.993.913.650.512.600;;
;;Bogor;Jawa Barat;10.662.886.422.298.000;-6.451.952.150.781.790;252;3.329.653.549.194.330;33.071.495.056.152.300;126;4.696.554.250.836.370;10;0.24283666908740997;-0.18855375051498413;-0.2440073937177658;301.981;216.993.359.375;2.393.191.146.850.580;;
;;Bogor;Jawa Barat;10.670.619.253.302.400;-6.704.987.297.389.950;1267;8.725.226.402.282.710;23.817.108.154.296.800;204;5.461.778.191.566.460;10;0.04459616541862488;-0.046081773936748505;-0.012683529406785965;295.695;2.169.933.349.609.370;25.115.137.100.219.700;;
;;Bogor;Jawa Barat;10.677.143.053.575.500;-6.626.792.183.469.790;334;5.547.544.956.207.270;-0.0;180;58.243.705.224.990.800;30;0.18150515854358673;-0.1483197659254074;-0.05950064957141876;3.034.533.333.333.330;216.993.359.375;24.522.785.186.767.500;;
;;Bogor;Jawa Barat;10.672.562.567.173.700;-6.540.841.670.270.150;157;9.240.808.486.938.470;5.747.757.434.844.970;177;5.703.288.542.628.280;10;0.20569385588169098;-0.1663816273212433;-0.10100559890270233;3.040.329.411.764.700;216.993.359.375;24.285.863.876.342.700;;
;;Bogor;Jawa Barat;10.652.267.133.448.700;-63.669.728.996.737.800;47;66.864.752.769.470.200;2.364.733.428.955.070;198;36.681.886.801.719.600;10;0.15424764156341553;-0.12577533721923828;-0.25495216250419617;3.026.304.761.904.760;216.993.359.375;23.158.239.364.624.000;;
;;Bogor;Jawa Barat;10.649.227.412.030.400;-6.509.245.338.311.150;174;4.657.261.371.612.540;270.0;195;4.737.695.574.164.390;10;0.20827698707580566;-0.15755285322666168;-0.2093721628189087;3.009.775;216.993.359.375;24.376.371.383.666.900;;
;;Bogor;Jawa Barat;10.715.945.611.604.600;-6.500.172.352.097.340;46;4.747.823.715.209.960;10.123.908.233.642.500;166;36.996.678.622.961.000;40;0.18917419016361237;-0.15971602499485016;-0.10669143497943878;3.034.572.727.272.720;19.856.092.529.296.800;23.816.160.202.026.300;;
;;Bogor;Jawa Barat;10.694.033.124.719.100;-6.639.575.616.703.860;1198;29.400.121.688.842.700;19.855.093.383.789.000;208;4.462.325.247.049.330;10;0.07117994129657745;-0.06026771292090416;-0.006599098443984985;2.971.030.769.230.760;2.169.933.837.890.620;24.993.913.650.512.600;;
;;Bogor;Jawa Barat;10.696.620.513.942.800;-65.269.395.067.919.700;392;1.031.104.564.666.740;24.358.367.919.921.800;209;370.262.090.998.888;10;0.18558916449546814;-0.1321621686220169;-0.1436823606491089;299.98;216.993.408.203.125;24.449.819.564.819.300;;
;;Bogor;Jawa Barat;1.070.757.171.650.530;-6.586.028.590.148.580;493;4.162.583.351.135.250;6.358.638.381.958.000;169;40.680.464.820.861.800;10;0.2105468213558197;-0.17001473903656006;-0.09200352430343628;3.007.247.619.047.610;216.993.359.375;24.707.237.243.652.300;;
;;Bogor;Jawa Barat;1.067.217.621.649.410;-65.680.274.178.213.900;185;3.941.800.117.492.670;3.148.113.708.496.090;189;5.483.161.243.081.090;10;0.1967754364013672;-0.16076304018497467;-0.17490845918655396;3.055.216.666.666.660;216.993.359.375;24.598.072.052.001.900;;
;;Bogor;Jawa Barat;10.665.983.714.964.400;-6.365.006.243.029.580;56;38.198.728.561.401.300;1.658.801.727.294.920;177;3.511.595.006.942.740;10;0.1905975341796875;-0.15128925442695618;-0.26505500078201294;3.029.822.222.222.220;4.222.591.796.875;2.355.120.849.609.370;;
;;Bogor;Jawa Barat;10.703.526.805.413.300;-6.479.206.061.104.270;86;4.986.504.077.911.370;33.807.171.630.859.300;186;3.944.766.277.730.460;50;0.13608001172542572;-0.10264671593904495;-0.08853697776794434;3.039.322.222.222.220;216.993.359.375;24.334.423.065.185.500;;
;;Bogor;Jawa Barat;10.664.566.558.474.100;-654.626.711.530.726;170;11.579.390.525.817.800;1.985.476.837.158.200;192;4.875.822.245.955.460;10;0.1654612123966217;-0.13880722224712372;-0.22697997093200684;30.238.956.521.739.100;216.993.359.375;24.285.863.876.342.700;;
;;Bogor;Jawa Barat;10.690.341.955.787.500;-6.610.331.128.686.590;504;997.680.950.164.795;5.648.610.305.786.130;154;4.462.325.247.049.330;10;0.1618633270263672;-0.13661733269691467;-0.06509566307067871;301.356;216.993.359.375;24.993.913.650.512.600;;
;;Bogor;Jawa Barat;10.683.029.920.271.500;-652.577.841.884.894;165;20.757.362.842.559.800;26.714.319.229.125.900;177;4.388.438.896.775.240;10;0.12526202201843262;-0.10000067204236984;-0.11763043701648712;30.690.500.000.000.000;216.993.359.375;2.440.625.762.939.450;;
;;Bogor;Jawa Barat;10.671.498.628.988.600;-6.531.829.224.849.970;142;2.083.860.158.920.280;11.641.609.954.833.900;174;5.703.288.542.628.280;40;0.19092462956905365;-0.1546992063522339;-0.1078253835439682;30.380.333.333.333.300;2.169.933.837.890.620;24.285.863.876.342.700;;
;;Bogor;Jawa Barat;10.669.088.323.033.000;-6.410.348.570.951.790;85;20.834.598.541.259.700;11.642.156.982.421.800;174;4.132.018.556.594.840;10;0.14899268746376038;-0.11669325828552246;-0.25769689679145813;3.041.375;216.993.359.375;2.393.191.146.850.580;;
;;Bogor;Jawa Barat;10.649.764.730.257.900;-6.694.086.015.494.140;1318;8.521.533.012.390.130;13.040.774.536.132.800;160;5.483.020.933.628.080;10;0.05886175110936165;-0.0553056076169014;-0.05510764196515083;2.947.988.235.294.110;2.169.933.349.609.370;25.109.359.741.210.900;;
;;Bogor;Jawa Barat;10.657.572.053.995.700;-65.376.816.439.465;524;9.951.313.972.473.140;14.613.719.177.246.000;163;481.153.383.564.949;10;0.1338270902633667;-0.11093269288539886;-0.07448220252990723;299.372.380.952.381;2.169.933.349.609.370;24.376.371.383.666.900;;
;;Bogor;Jawa Barat;10.654.045.684.705.600;-6.602.084.333.270.090;293;33.471.877.574.920.600;3.261.337.585.449.210;186;5.029.259.747.266.760;80;0.1608305126428604;-0.12513551115989685;-0.036401718854904175;3.012.133.333.333.330;216.993.359.375;24.681.560.516.357.400;;
;;Bogor;Jawa Barat;10.646.286.447.678.600;-6.529.810.640.400.120;367;19.371.957.778.930.600;2.833.087.158.203.120;239;4.737.695.574.164.390;10;0.17332743108272552;-0.1406308263540268;-0.11144538223743439;300.68;2.169.933.837.890.620;24.376.371.383.666.900;;
;;Bogor;Jawa Barat;10.644.205.798.748.900;-645.630.579.212.123;74;10.736.655.235.290.500;2.010.047.149.658.200;169;43.853.462.117.910.300;10;0.19340436160564423;-0.160261869430542;-0.22826819121837616;3.019.512;216.993.359.375;24.011.669.158.935.500;;
;;Bogor;Jawa Barat;10.688.864.700.842.000;-64.632.871.200.537.900;107;14.696.488.380.432.100;11.958.776.092.529.200;141;41.487.910.034.656.500;10;0.11305594444274902;-0.08184702694416046;0.08457922749221325;30.679.058.823.529.400;216.993.359.375;23.971.342.086.791.900;;
;;Bogor;Jawa Barat;106.970.011.003.277;-6.328.902.955.747.240;39;8.537.269.592.285.150;10.245.484.161.376.900;154;2.793.477.760.910.980;50;0.0923280268907547;-0.07436010241508484;-0.06431713700294495;308.83;216.993.359.375;23.077.157.974.243.100;;
;;Bogor;Jawa Barat;10.709.565.717.360.600;-6.495.168.304.843.760;191;5.624.557.971.954.340;9.522.330.284.118.650;177;3.705.601.014.614.100;10;0.2229848951101303;-0.17669707536697388;-0.26309461891651154;3.024.866.666.666.660;2.169.933.837.890.620;24.334.423.065.185.500;;
;;Bogor;Jawa Barat;10.659.282.055.723.000;-66.112.770.962.665.900;589;15.190.640.449.523.900;17.463.151.931.762.600;166;5.135.607.488.870.620;10;0.18569901585578918;-0.1523498296737671;-0.07958540320396423;299.71;216.993.359.375;24.681.560.516.357.400;;
;;Bogor;Jawa Barat;10.681.793.875.499.400;-6.767.702.554.681.270;607;7.436.440.944.671.630;35.282.550.048.828.100;183;4.253.270.837.545.390;10;0.19537422060966492;-0.16274487972259521;-0.0855022668838501;302.02;6.336.908.569.335.930;2.461.726.951.599.120;;
;;Bogor;Jawa Barat;10.664.576.307.137.400;-6.635.629.007.627.620;402;7.606.328.010.559.080;34.587.286.376.953.100;186;509.835.746.049.881;40;0.17630742490291595;-0.14609166979789734;-0.17496003210544586;3.012.321.739.130.430;2.169.933.837.890.620;24.598.072.052.001.900;;
;;Bogor;Jawa Barat;10.642.673.137.811.000;-6.461.955.149.691.670;89;853.935.718.536.377;2.824.516.906.738.280;206;43.853.462.117.910.300;10;0.19740793108940125;-0.1583046019077301;-0.23108288645744324;3.017.936;216.993.359.375;24.011.669.158.935.500;;
;;Bogor;Jawa Barat;1.069.897.756.507.220;-6.567.669.068.938.460;384;7.066.943.168.640.130;11.306.231.689.453.100;160;4.091.938.931.822.770;10;0.25807568430900574;-0.20220571756362915;-0.27231064438819885;30.090.700.000.000.000;216.993.359.375;24.993.913.650.512.600;;
;;Bogor;Jawa Barat;1.065.962.354.492.980;-65.022.737.438.698.100;516;13.864.264.488.220.200;15.666.722.106.933.500;163;481.153.383.564.949;10;0.16327278316020966;-0.1281643509864807;-0.08100609481334686;299.274;2.169.933.349.609.370;24.285.863.876.342.700;;
;;Bogor;Jawa Barat;10.654.550.726.380.000;-6.415.553.347.107.360;73;20.756.447.315.216.000;20.670.928.955.078.100;183;4.176.140.424.489.970;10;0.21596626937389374;-0.1683133989572525;-0.17812339961528778;30.186.560.000.000.000;216.993.359.375;23.742.650.985.717.700;;
;;Bogor;Jawa Barat;10.676.384.841.781.800;-6.624.662.711.341.910;327;2.075.819.730.758.660;26.718.896.865.844.700;177;58.243.705.224.990.800;10;0.1499301642179489;-0.11342209577560425;-0.0340796560049057;304.08;2.169.933.349.609.370;24.522.785.186.767.500;;
;;Bogor;Jawa Barat;10.715.545.210.020.000;-6.568.319.892.009.320;98;20.839.829.444.885.200;2.435.855.712.890.620;186;40.738.138.769.865.000;40;0.15515252947807312;-0.12859420478343964;-0.1634497344493866;3.020.675;216.993.359.375;24.707.237.243.652.300;;
;;Bogor;Jawa Barat;10.646.418.502.517.400;-6.359.175.487.888.540;72;207.559.871.673.584;26.706.762.313.842.700;177;363.270.702.958.107;10;0.18378224968910217;-0.14659525454044342;-0.12334778904914856;30.248.900.000.000.000;2.169.933.837.890.620;23.158.239.364.624.000;;
;;Bogor;Jawa Barat;1.067.688.279.636.630;-6.673.277.256.798.120;707;22.603.984.832.763.600;3.464.156.188.964.840;197;5.889.075.563.192.360;10;0.16492722928524017;-0.13255296647548676;0.05642435699701309;3.000.471.428.571.420;2.169.933.837.890.620;2.485.558.319.091.790;;
;;Bogor;Jawa Barat;10.647.530.499.134.200;-6.632.071.444.704.910;839;849.105.167.388.916;12.610.517.501.831.000;174;5.171.911.107.778.540;30;0.0982879102230072;-0.09097938239574432;-0.0733875185251236;298.172;216.993.359.375;24.681.560.516.357.400;;
;;Bogor;Jawa Barat;10.691.598.581.098.100;-6.423.182.872.588.860;97;13.155.882.358.551.000;45.180.389.404.296.800;177;3.390.891.127.049.920;10;0.178684800863266;-0.1304939091205597;-0.11839091777801514;306.152;21.788.525.390.625;23.971.342.086.791.900;;
;;Bogor;Jawa Barat;1.071.081.568.727.130;-6.521.868.661.961.960;143;7.606.225.490.570.060;3.458.759.765.625;186;35.597.336.431.741.700;10;0.2529653012752533;-0.1908831149339676;-0.1638050377368927;3.029.165.217.391.300;216.993.359.375;24.334.423.065.185.500;;
;;Bogor;Jawa Barat;10.697.026.764.737.600;-6.468.080.714.724.040;123;7.035.032.749.176.020;2.033.313.446.044.920;189;38.748.406.867.980.900;10;0.19304896891117096;-0.1409214287996292;-0.3046175688505173;30.181.904.761.904.700;216.993.359.375;23.971.342.086.791.900;;
;;Bogor;Jawa Barat;10.648.287.457.040.100;-6.401.698.415.570.480;77;6.464.860.916.137.690;-0.0;180;4.006.162.138.938.900;10;0.2159024178981781;-0.17563407123088837;-0.1997370719909668;3.010.912;216.993.359.375;23.742.650.985.717.700;;
;;Bogor;Jawa Barat;10.662.384.484.286.700;-64.937.843.231.333.500;380;2.740.543.556.213.370;1.654.402.313.232.420;159;4.696.554.250.836.370;10;0.14213114976882935;-0.12051303684711456;-0.21993780136108398;30.023.047.619.047.600;216.993.359.375;24.285.863.876.342.700;;
;;Bogor;Jawa Barat;10.690.286.767.785.400;-672.389.369.274.991;988;872.546.672.821.045;2.381.720.733.642.570;204;4.639.923.124.194.140;10;0.15074466168880463;-0.12238451093435287;-0.044505998492240906;29.797.400.000.000.000;216.993.359.375;24.855.131.149.291.900;;
;;Bogor;Jawa Barat;10.681.932.234.194.400;-6.738.877.599.548.460;499;3.942.488.193.511.960;451.986.083.984.375;172;4.610.852.992.415.420;50;0.07559000700712204;-0.07813490927219391;-0.035605497658252716;30.314.526.315.789.400;216.993.359.375;2.485.558.319.091.790;;
;;Bogor;Jawa Barat;10.666.417.053.657.200;-658.880.587.770.002;261;13.158.067.464.828.400;3.148.101.501.464.840;183;5.145.198.772.192.000;60;0.14997442066669464;-0.12502864003181458;-0.07813684642314911;30.467.125;2.169.933.837.890.620;24.598.072.052.001.900;;
;;Bogor;Jawa Barat;10.683.926.463.391.800;-67.205.901.550.349.100;511;20.844.998.359.680.100;2.964.073.486.328.120;186;4.610.852.992.415.420;40;0.12531353533267975;-0.10633795708417892;-0.0734284371137619;30.234.117.647.058.800;216.993.359.375;2.485.558.319.091.790;;
;;Bogor;Jawa Barat;10.702.258.077.941.200;-656.982.383.501.607;393;66.715.497.970.581.000;326.135.498.046.875;192;4.174.501.218.318.930;10;0.29763951897621155;-0.23102250695228577;-0.08516430854797363;3.009.533.333.333.330;216.993.359.375;24.707.237.243.652.300;;
;;Bogor;Jawa Barat;10.711.294.506.077.500;-6.605.308.692.264.070;174;7.650.600.433.349.600;7.605.327.606.201.170;157;38.925.603.647.232.000;10;0.28662538528442383;-0.22515882551670074;-0.11861953139305115;3.025.190.476.190.470;2.169.933.349.609.370;24.707.237.243.652.300;;
;;Bogor;Jawa Barat;107.023.404.576.342;-6.516.419.156.653.060;245;9.790.790.557.861.320;4.137.004.089.355.460;160;40.383.797.636.032.100;10;0.26638707518577576;-0.20917744934558868;-0.17333343625068665;301.081;216.993.359.375;24.334.423.065.185.500;;
;;Bogor;Jawa Barat;10.705.707.472.686.000;-6.541.699.048.343.930;413;5.659.207.820.892.330;9.940.181.732.177.730;163;37.660.068.249.702.400;40;0.2635825574398041;-0.21992336213588715;-0.16136649250984192;3.012.209.523.809.520;216.993.359.375;24.334.423.065.185.500;;
;;Bogor;Jawa Barat;10.673.263.585.610.200;-64.280.671.409.974.200;93;13.155.946.731.567.300;1.348.193.359.375;177;41.938.234.204.649.900;10;0.14495187997817993;-0.11448580771684647;-0.20546409487724304;30.741.333.333.333.300;216.993.359.375;2.393.191.146.850.580;;
;;Bogor;Jawa Barat;10.693.294.049.271.200;-64.151.214.632.891.500;77;1.315.577.745.437.620;134.820.068.359.375;177;3.390.891.127.049.920;50;0.07503445446491241;-0.05403759703040123;-0.06639648973941803;30.649.875.000.000.000;216.993.359.375;23.971.342.086.791.900;;
;;Bogor;Jawa Barat;10.703.740.411.002.200;-64.096.068.266.898;53;4.645.936.012.268.060;12.669.759.368.896.400;169;356.038.719.189.167;80;0.03823017701506615;-0.02072940580546856;-0.03976661339402199;3.042.344.444.444.440;216.993.359.375;23.699.430.465.698.200;;
;;Bogor;Jawa Barat;10.683.944.168.940.100;-6.679.496.465.697.990;507;5.849.579.811.096.190;3.414.476.623.535.150;186;5.203.147.094.845.770;10;0.15911167860031128;-0.12792450189590454;-0.10311797261238098;3.018.263.157.894.730;2.345.742.919.921.870;2.485.558.319.091.790;;
;;Bogor;Jawa Barat;10.704.386.732.826.000;-6.652.670.630.098.080;784;25.286.394.119.262.600;1.576.980.743.408.200;151;4.698.929.004.788.390;10;0.10276593267917633;-0.08457975089550018;-0.1859089583158493;2.988.058.823.529.410;2.051.083.740.234.370;24.707.237.243.652.300;;
;;Bogor;Jawa Barat;1.070.079.532.748.090;-6.553.726.133.235.540;273;1.106.144.905.090.330;31.817.987.060.546.800;203;4.174.501.218.318.930;10;0.24274571239948273;-0.18715733289718628;-0.09341447055339813;301.454;216.993.359.375;24.449.819.564.819.300;;
;;Bogor;Jawa Barat;10.698.754.568.457.500;-6.604.849.951.729.390;1033;4.712.047.576.904.290;2.803.919.982.910.150;255;4.318.325.363.516.800;10;0.08509281277656555;-0.07328640669584274;0.0050644651055336;29.831.733.333.333.300;216.993.359.375;24.993.913.650.512.600;;
;;Bogor;Jawa Barat;10.649.891.319.202.800;-65.202.493.124.594.100;157;5.009.929.180.145.260;2.916.734.924.316.400;195;4.737.695.574.164.390;50;0.08358098566532135;-0.0776912197470665;-0.04605475068092346;3.010.652.173.913.040;216.993.359.375;24.376.371.383.666.900;;
;;Bogor;Jawa Barat;10.677.267.000.344.800;-6.746.692.626.526.210;692;4.163.675.308.227.530;635.938.720.703.125;169;5.224.574.828.028.670;10;0.1768784373998642;-0.1447233408689499;-0.14131350815296173;299.71;16.360.262.451.171.800;2.485.558.319.091.790;;
;;Bogor;Jawa Barat;10.708.050.458.488.200;-6.480.690.552.450.370;98;0.9333734512329102;90.0;177;3.705.601.014.614.100;40;0.12906982004642487;-0.10171029716730118;-0.1106216311454773;303.634;216.993.359.375;24.334.423.065.185.500;;
;;Bogor;Jawa Barat;10.655.324.610.152.400;-64.612.285.114.809.200;235;2.180.875.587.463.370;2.149.479.866.027.830;156;487.140.446.293.354;10;0.18400192260742188;-0.14752112329006195;-0.1242310106754303;3.003.807.142.857.140;2.169.933.837.890.620;23.742.650.985.717.700;;
;;Bogor;Jawa Barat;10.669.541.902.140.100;-6.365.942.314.953.440;71;0.0;-0.0;180;3.511.595.006.942.740;10;0.10475541651248932;-0.08094686269760132;-0.1467549055814743;30.736.333.333.333.300;2.695.721.923.828.120;2.355.120.849.609.370;;
;;Bogor;Jawa Barat;10.695.404.576.619.600;-6.571.685.589.056.930;402;12.444.704.055.786.100;36.207.218.170.166.000;157;4.091.938.931.822.770;10;0.19220177829265594;-0.1674179583787918;-0.06741191446781158;301.63;216.993.359.375;24.993.913.650.512.600;;
